a,b,c,d,e,f,g,h,I
0,0.27203,1.0082,-0.082102,1,-63.5,2.4252,924.25,1
0.5,0.27203,1.0082,-0.082102,1,-63,4.7369,921.75,1
1.5,0.44791,0.91636,-0.013684,1,-63.5,3.0311,923.75,1
1.75,0.44791,0.91636,-0.013684,1,-63,2.0371,921.25,1
2.5,0.34238,0.96229,-0.059296,1,-63.5,5.892,920.25,1
3.25,0.34238,0.96229,-0.059296,4,-56.5,1.2563,924.75,1
4,0.30721,0.99674,-0.070699,1,-63.5,3.8718,922.75,1
5,0.27203,0.99674,-0.093505,1,-64,2.4943,924.25,1
5.5,0.23685,1.0312,-0.12771,1,-64.5,2.008,924.75,1
6,0.23685,1.0312,-0.12771,1,-66,1.1904,925.75,1
6.5,0.23685,1.0312,-0.12771,1,-63,0.61206,922.75,1
6.75,0.23685,1.0312,-0.12771,1,-65,1.6506,925.25,1
7.75,0.31893,0.99674,-0.070699,1,-62,4.8075,921.75,1
8,0.31893,0.99674,-0.070699,4,-56.5,4.5252,924.75,1
9,0.47136,0.92784,-0.0022806,1,-62.5,3.8135,922.75,1
9.75,0.40101,0.93932,-0.025087,1,-64,2.413,924.25,1
10,0.40101,0.93932,-0.025087,1,-62.5,1.5309,921.75,1
10.5,0.40101,0.93932,-0.025087,1,-64.5,5.2247,924.75,1
10.75,0.40101,0.93932,-0.025087,4,-58,0.50468,925.75,1
12,0.30721,0.99674,-0.070699,1,-64,2.462,924.25,1
12.5,0.30721,0.99674,-0.070699,1,-63,5.9089,920.25,1
13,0.30721,0.99674,-0.070699,1,-64,1.9926,924.75,1
14,0.41273,0.93932,-0.0022806,1,-62,1.9221,921.25,1
15.25,0.27203,1.0082,-0.10491,4,-57,1.3714,924.75,1
15.5,0.27203,1.0082,-0.10491,1,-62,1.0845,922.25,1
16.5,0.24858,1.0312,-0.093505,1,-65,4.5697,925.25,1
17.5,0.2603,1.0197,-0.10491,1,-62.5,1.5064,921.75,1
18.5,0.31893,0.99674,-0.070699,1,-64,5.9963,923.75,1
18.75,0.31893,0.99674,-0.070699,1,-62,1.9205,921.25,1
19.25,0.31893,0.99674,-0.070699,1,-62.5,2.2764,920.75,1
20,0.43619,0.91636,0.0091224,1,-63,6.2663,923.25,1
21,0.47136,0.92784,0.020525,1,-64,2.8532,923.75,1
22.75,0.2134,1.0312,-0.12771,1,-64.5,4.9087,924.75,1
23,0.2134,1.0312,-0.12771,4,-57.5,0.54763,925.75,1
23.25,0.2134,1.0312,-0.12771,1,-63.5,5.7724,923.75,1
24.5,0.23685,1.0197,-0.10491,1,-62.5,5.6635,920.25,1
26.25,0.23685,1.0197,-0.10491,1,-62,4.8934,921.25,1
27.75,0.20168,1.0312,-0.11631,1,-62.5,0.84522,922.25,1
28.5,0.50654,0.91636,0.020525,1,-62.5,1.7518,921.25,1
29,0.50654,0.91636,0.020525,1,-62,5.3214,920.75,1
29.5,0.50654,0.91636,0.020525,1,-62.5,2.5541,920.25,1
29.75,0.50654,0.91636,0.020525,1,-63,6.2341,923.25,1
30.5,0.42446,0.91636,-0.0022806,1,-59.5,0.20555,923.75,1
30.75,0.42446,0.91636,-0.0022806,1,-58.5,1.2809,922.75,1
31.75,0.24858,1.0082,-0.16192,1,-59.5,6.2004,920.25,1
32.5,0.34238,0.97377,-0.047893,1,-59.5,1.3867,922.25,1
33,0.34238,0.97377,-0.047893,1,-61.5,6.2387,923.75,1
33.5,0.30721,0.97377,-0.03649,1,-63,1.7671,925.25,1
34,0.15478,1.0197,-0.13912,1,-61.5,2.6323,924.25,1
34.5,0.15478,1.0197,-0.13912,1,-60,1.8024,921.75,1
35.5,0.56517,0.87042,0.11175,4,-57,4.5636,923.75,1
35.6,0.56517,0.87042,0.11175,3,-57,6.0377,922.75,1
35.75,0.56517,0.87042,0.11175,1,-65.5,4.5437,922.75,1
36.25,0.56517,0.87042,0.11175,4,-60,4.5789,920.75,1
37,0.56517,0.87042,0.11175,1,-58.5,1.985,921.75,1
37.75,1.0694,0.29627,-0.013684,4,-67,1.0324,925.75,3
38,1.0694,0.29627,-0.013684,3,-50,5.0928,923.75,3
38.1,1.0694,0.29627,-0.013684,4,-67,5.7984,923.75,3
38.5,0.82312,-0.071196,-0.10491,3,-53,0.47707,925.25,3
38.75,1.0576,-0.28938,-0.03649,3,-50.5,0.046019,920.75,3
38.85,1.0576,-0.28938,-0.03649,3,-52,0.9434,924.25,3
39.25,1.1632,-0.27789,-0.059296,3,-50.5,5.6159,921.75,3
39.35,1.1632,-0.27789,-0.059296,4,-64.5,1.6858,921.75,3
39.75,0.9052,-0.20899,-0.15052,4,-67.5,4.5989,924.75,3
40.25,1.1397,-0.27789,-0.070699,3,-51.5,1.0907,923.75,3
40.5,0.92865,-0.19751,-0.16192,4,-65.5,0.37583,922.75,3
41.5,0.91693,-0.19751,-0.16192,3,-50,0.13652,920.25,3
41.6,0.91693,-0.19751,-0.16192,4,-66.5,6.0822,920.25,3
42,1.3156,-0.34679,-0.013684,3,-51,4.4915,923.25,3
42.25,0.9052,-0.19751,-0.16192,4,-68,1.2947,924.75,3
42.5,0.9052,-0.19751,-0.16192,4,-65.5,0.80687,922.25,3
43,1.2452,-0.34679,-0.025087,3,-50.5,4.7615,922.75,3
43.1,1.2452,-0.34679,-0.025087,3,-50.5,4.7691,922.75,3
43.25,0.87003,-0.19751,-0.17333,3,-50.5,5.7264,921.25,3
43.35,0.87003,-0.19751,-0.17333,4,-65.5,1.8929,921.25,3
43.5,0.9521,-0.18603,-0.15052,3,-50.5,6.0776,920.75,3
44,0.87003,-0.20899,-0.17333,3,-50.5,0.1534,920.25,3
44.1,0.87003,-0.20899,-0.17333,4,-67.5,6.0868,920.25,3
44.25,0.87003,-0.20899,-0.17333,4,-66,1.4021,921.75,3
44.5,0.89348,-0.19751,-0.16192,4,-69,4.513,924.75,3
44.75,0.89348,-0.19751,-0.16192,3,-50.5,5.0468,922.25,3
45.75,1.0342,-0.20899,-0.12771,3,-50,5.7417,921.25,3
45.85,1.0342,-0.20899,-0.12771,4,-66,1.8623,921.25,3
46,1.0342,-0.20899,-0.12771,3,-50,6.0945,920.75,3
46.25,1.3156,-0.36976,-0.013684,4,-67.5,4.941,924.25,3
46.5,0.92865,-0.18603,-0.15052,3,-50,5.3996,921.75,3
46.575,0.92865,-0.18603,-0.15052,4,-66,1.3514,921.75,3
47.25,1.0342,-0.23196,-0.11631,4,-66,0.84676,922.25,3
47.5,1.0342,-0.23196,-0.11631,3,-51.5,1.0124,923.75,3
47.575,1.0342,-0.23196,-0.11631,4,-67,5.4809,923.75,3
48,0.9052,-0.19751,-0.17333,4,-66.5,0.23163,922.75,3
48.5,1.1514,-0.30086,-0.047893,3,-50.5,6.0669,920.75,3
48.75,0.9052,-0.17454,-0.17333,3,-52.5,0.75012,924.25,3
49,1.3039,-0.33531,-0.0022806,4,-66.5,6.0163,920.25,3
49.1,1.3039,-0.33531,-0.0022806,4,-65.5,1.3039,921.75,3
50,0.94038,-0.18603,-0.16192,4,-66.5,5.3321,923.75,3
50.5,0.92865,-0.19751,-0.15052,4,-65.5,1.8623,921.25,3
50.75,0.92865,-0.19751,-0.15052,3,-50.5,6.0638,920.75,3
50.825,0.92865,-0.19751,-0.15052,4,-66,5.4272,920.75,3
51.75,1.1866,-0.30086,-0.03649,4,-66,5.8951,923.25,3
52,1.1866,-0.30086,-0.03649,4,-68,4.3918,924.75,3
52.75,0.94038,-0.17454,-0.15052,4,-65.5,0.21783,922.75,3
52.85,0.94038,-0.17454,-0.15052,3,-50.5,5.6987,921.25,3
53.5,1.0342,-0.20899,-0.11631,3,-50.5,6.0562,920.75,3
53.6,1.0342,-0.20899,-0.11631,4,-67.5,4.8689,924.25,3
53.75,1.0342,-0.20899,-0.11631,4,-66.5,5.9933,920.25,3
53.825,1.0342,-0.20899,-0.11631,4,-65.5,1.2947,921.75,3
54,0.88175,-0.17454,-0.16192,4,-66.5,5.8874,923.25,3
54.25,0.88175,-0.17454,-0.16192,4,-68.5,4.3519,924.75,3
54.5,0.88175,-0.17454,-0.16192,3,-50.5,5.01,922.25,3
55,1.1983,-0.28938,-0.03649,4,-66.5,5.3337,923.75,3
55.25,1.1983,-0.28938,-0.03649,3,-50,5.7202,921.25,3
55.325,0.99901,-0.17454,-0.13912,3,-50,5.7171,921.25,3
55.5,0.99901,-0.17454,-0.13912,4,-65.5,1.7794,921.25,3
56,1.1045,-0.24344,-0.070699,4,-67.5,4.8428,924.25,3
56.25,0.9521,-0.17454,-0.15052,3,-50,5.3643,921.75,3
56.5,0.9521,-0.17454,-0.15052,4,-65.5,1.2824,921.75,3
57.25,1.1632,-0.27789,-0.059296,3,-51.5,4.1233,923.75,3
57.35,1.1632,-0.27789,-0.059296,4,-66.5,5.3444,923.75,3
57.5,1.1632,-0.27789,-0.059296,3,-50.5,4.7063,922.75,3
58.5,1.0811,-0.23196,-0.10491,4,-67.5,4.7968,924.25,3
58.75,0.96383,-0.17454,-0.16192,3,-50,5.3827,921.75,3
58.825,0.96383,-0.17454,-0.16192,4,-65.5,4.3964,921.75,3
59.25,0.88175,-0.17454,-0.17333,4,-68.5,4.3565,924.75,3
60.25,0.88175,-0.17454,-0.16192,3,-50,5.6788,921.25,3
60.5,1.0459,-0.20899,-0.11631,4,-69,3.8748,925.25,3
61.75,1.1983,-0.28938,-0.047893,4,-65.5,0.7992,922.25,3
62.25,0.94038,-0.17454,-0.15052,3,-50.5,4.7461,922.75,3
62.5,0.89348,-0.18603,-0.16192,3,-50,5.7125,921.25,3
62.6,0.89348,-0.18603,-0.16192,4,-65.5,1.8546,921.25,3
62.75,0.89348,-0.18603,-0.16192,4,-69.5,3.8856,925.25,3
63,0.8583,-0.18603,-0.16192,4,-65.5,5.4963,920.75,3
63.75,0.9052,-0.16306,-0.16192,3,-50,5.3597,921.75,3
63.825,0.96383,-0.16306,-0.15052,4,-66,5.8982,923.25,3
64,0.96383,-0.16306,-0.15052,4,-68,4.3381,924.75,3
64.25,0.96383,-0.16306,-0.15052,3,-50.5,5.0207,922.25,3
64.75,0.92865,-0.16306,-0.15052,3,-51.5,4.154,923.75,3
64.875,0.92865,-0.17454,-0.16192,3,-50.5,4.7385,922.75,3
65,0.92865,-0.17454,-0.16192,3,-50.5,4.7308,922.75,3
65.1,1.2101,-0.28938,-0.03649,3,-50,5.6849,921.25,3
65.25,1.2101,-0.28938,-0.03649,4,-65,1.8423,921.25,3
65.5,1.2101,-0.28938,-0.03649,3,-50,6.0408,920.75,3
65.6,0.89348,-0.17454,-0.17333,3,-50,6.0608,920.75,3
65.65,0.89348,-0.17454,-0.17333,4,-67.5,1.7441,924.25,3
65.75,0.89348,-0.17454,-0.17333,4,-66,6.0316,920.25,3
66.5,0.9052,-0.17454,-0.16192,4,-68,4.3442,924.75,3
66.75,0.9052,-0.17454,-0.16192,3,-50.5,5.01,922.25,3
67.5,0.91693,-0.18603,-0.17333,3,-50,5.7003,921.25,3
67.6,0.91693,-0.18603,-0.17333,4,-65,1.8392,921.25,3
67.75,0.91693,-0.18603,-0.17333,3,-50.5,6.0485,920.75,3
68,0.89348,-0.17454,-0.16192,4,-65.5,5.5162,920.75,3
68.525,0.91693,-0.17454,-0.15052,3,-50,0.12732,920.25,3
68.6,0.88175,-0.17454,-0.16192,3,-50,5.3567,921.75,3
68.65,0.88175,-0.17454,-0.16192,4,-65,1.3622,921.75,3
69,1.0107,-0.19751,-0.11631,4,-67.5,4.4363,924.75,3
69.25,1.0107,-0.19751,-0.11631,4,-65.5,0.80994,922.25,3
70,0.91693,-0.17454,-0.17333,3,-50,5.7141,921.25,3
70.1,0.91693,-0.17454,-0.17333,4,-70,3.8902,925.25,3
71.625,0.88175,-0.15158,-0.16192,3,-50,6.0638,920.75,3
71.725,0.88175,-0.15158,-0.16192,4,-67,1.7242,924.25,3
71.775,0.88175,-0.15158,-0.16192,4,-66,6.0454,920.25,3
71.825,1.128,-0.24344,-0.070699,3,-50,5.3674,921.75,3
71.85,1.128,-0.24344,-0.070699,3,-51,4.4424,923.25,3
72.25,0.9052,-0.17454,-0.16192,4,-66,0.23163,922.75,3
72.5,0.9052,-0.17454,-0.16192,3,-50,5.7125,921.25,3
72.6,0.9052,-0.17454,-0.16192,4,-65.5,1.8684,921.25,3
73.5,0.88175,-0.17454,-0.16192,4,-65.5,4.3995,921.75,3
73.75,0.88175,-0.17454,-0.16192,4,-66.5,5.892,923.25,3
74,0.88175,-0.17454,-0.16192,3,-49,5.9089,922.25,3
74.075,0.94038,0.1355,-0.32157,3,-49.5,0.26538,922.25,3
74.125,0.94038,0.1355,-0.32157,3,-49.5,0.42338,922.25,3
74.25,0.94038,0.1355,-0.32157,3,-57,6.251,925.75,3
76,0.7176,0.89339,0.043332,1,-59,5.734,923.25,1
76.5,0.7176,0.89339,0.043332,1,-63,4.605,922.25,1
77.25,0.7176,0.89339,0.043332,4,-57,0.48627,921.25,1
77.5,0.7176,0.89339,0.043332,4,-58,0.25924,925.25,1
77.75,0.7176,0.89339,0.043332,4,-57.5,0.10431,924.25,1
78,0.7176,0.89339,0.043332,1,-61.5,4.3228,920.25,1
79,0.42446,0.96229,-0.082102,1,-61.5,2.3378,922.25,1
80,0.23685,1.0082,-0.12771,1,-62,0.88204,920.75,1
80.75,0.23685,1.0082,-0.12771,1,-62.5,6.1911,921.75,1
81,0.23685,1.0082,-0.12771,4,-57,4.7262,924.75,1
81.5,0.23685,1.0082,-0.12771,1,-66.5,5.2447,925.75,1
82.25,0.29548,0.99674,-0.082102,4,-57.5,1.0385,925.25,1
82.75,0.29548,0.99674,-0.082102,1,-64,0.32674,924.25,1
83.25,0.29548,0.99674,-0.082102,1,-62.5,1.3744,923.25,1
84.5,0.33066,0.99674,-0.070699,4,-56,4.9425,921.25,1
84.75,0.33066,0.99674,-0.070699,1,-66,5.6389,925.25,1
85.25,0.33066,0.99674,-0.070699,4,-57,5.8997,920.25,1
86.5,0.55344,0.89339,0.0091224,4,-57,5.4533,923.75,1
87,0.55344,0.89339,0.0091224,4,-56,4.8811,921.25,1
87.75,0.37756,0.97377,-0.059296,4,-57,5.892,920.25,1
88.25,0.37756,0.97377,-0.059296,1,-63,1.3238,923.25,1
88.75,0.37756,0.97377,-0.059296,4,-58.5,0.46173,925.75,1
89.75,0.31893,0.97377,-0.082102,4,-57.5,0.90812,925.25,1
90,0.31893,0.97377,-0.082102,4,-57,1.85,924.25,1
90.25,0.31893,0.97377,-0.082102,1,-63,1.0922,920.25,1
90.75,0.31893,0.97377,-0.082102,1,-65,6.1175,924.75,1
92,0.30721,0.99674,-0.070699,4,-56.5,4.7799,921.25,1
92.5,0.30721,0.99674,-0.070699,4,-57.5,1.7518,924.25,1
93.5,0.33066,0.98526,-0.082102,1,-62,5.3981,922.25,1
94.25,0.33066,0.98526,-0.082102,1,-62,1.8362,922.75,1
94.75,0.33066,0.98526,-0.082102,4,-56.5,5.2938,920.75,1
95,0.33066,0.98526,-0.082102,4,-57,4.9456,924.25,1
95.25,0.33066,0.98526,-0.082102,4,-56.5,1.1183,921.75,1
96,0.28376,1.0082,-0.11631,1,-62.5,5.3643,922.25,1
96.5,0.28376,1.0082,-0.11631,4,-57,0.0061359,922.75,1
96.75,0.28376,1.0082,-0.11631,1,-62.5,0.026078,921.25,1
97.25,0.28376,1.0082,-0.11631,4,-57,4.8934,924.25,1
98.25,0.54171,0.90487,0.0091224,4,-57,4.5053,924.75,1
98.5,0.54171,0.90487,0.0091224,1,-62,2.2519,922.25,1
99,0.54171,0.90487,0.0091224,1,-62.5,0.03835,921.25,1
99.5,0.54171,0.90487,0.0091224,4,-56.5,5.1833,920.75,1
100,0.54171,0.90487,0.0091224,1,-63,4.0697,920.25,1
101.25,0.29548,0.99674,-0.10491,4,-56.5,5.3843,923.75,1
101.5,0.29548,0.99674,-0.10491,4,-56.5,4.786,921.25,1
102,0.29548,0.99674,-0.10491,1,-63,0.58445,920.75,1
102.5,0.29548,0.99674,-0.10491,4,-56.5,5.7187,920.25,1
103.25,0.41273,0.93932,-0.025087,1,-62.5,5.5776,922.25,1
104,0.41273,0.93932,-0.025087,1,-60.5,1.2026,922.75,4
106.75,0.22513,0.89339,-0.17333,1,-48.5,2.1046,920.75,4
107.25,0.60034,1.0082,-0.047893,1,-50.5,5.9411,920.25,4
111.5,0.2603,0.99674,-0.059296,2,-58.5,0.99402,925.25,4
116,0.83485,0.67521,-0.13912,2,-55.5,5.9841,921.25,2
116.5,0.83485,0.67521,-0.13912,2,-55.5,6.2709,920.75,2
118,0.88175,0.66373,-0.082102,2,-57,0.75625,925.75,2
120.5,0.88175,0.64076,-0.093505,2,-57.5,0.7041,925.75,2
126.5,0.84658,0.66373,-0.12771,2,-55,6.1375,920.75,2
127,0.84658,0.66373,-0.12771,2,-56,5.6481,921.75,2
128.5,1.0928,0.5489,-0.013684,2,-57.5,0.73631,925.25,2
130.25,0.83485,0.66373,-0.12771,2,-58,0.60899,925.75,2
131.25,1.0928,0.56038,-0.013684,2,-56,6.0562,920.75,2
132.75,0.78795,0.67521,-0.15052,2,-56,1.353,923.75,2
133,0.78795,0.67521,-0.15052,2,-55.5,4.9977,922.75,2
135,0.8583,0.65224,-0.10491,2,-57.5,0.46019,925.75,2
136.25,0.8583,0.66373,-0.10491,2,-57,4.3212,924.25,2
137.25,0.8583,0.66373,-0.10491,2,-57,1.0017,924.75,2
138.25,0.89348,0.62928,-0.093505,2,-55,5.7754,921.25,2
139,0.89348,0.62928,-0.093505,2,-55.5,0.03835,920.25,2
140,0.88175,0.64076,-0.093505,2,-58,0.53996,925.75,2
140.5,0.88175,0.64076,-0.093505,2,-56,1.9282,922.75,2
140.75,0.88175,0.64076,-0.093505,2,-58,0.76085,925.25,2
141.25,0.88175,0.64076,-0.093505,2,-57,1.1689,924.25,2
142,0.88175,0.64076,-0.093505,2,-57.5,0.90198,924.75,2
142.25,0.88175,0.64076,-0.093505,2,-58,0.4694,925.75,2
142.75,0.88175,0.64076,-0.093505,2,-56,4.9594,922.75,2
143,0.88175,0.64076,-0.093505,2,-56,5.7693,921.25,2
143.5,0.88175,0.64076,-0.093505,2,-57,1.172,924.25,2
145,0.8583,0.62928,-0.10491,2,-58,0.48627,925.75,2
146,0.9052,0.62928,-0.093505,2,-57,4.22,924.25,2
146.75,0.9052,0.62928,-0.093505,2,-57.5,0.90505,924.75,2
148,0.96383,0.60631,-0.047893,2,-58,0.69489,925.25,2
148.5,0.96383,0.60631,-0.047893,2,-56.5,1.1275,924.25,2
149.75,0.88175,0.64076,-0.082102,2,-56.5,1.3637,923.75,2
150.5,0.88175,0.64076,-0.082102,2,-58,0.7133,925.25,2
151,0.88175,0.64076,-0.082102,2,-56.5,0.03835,920.25,2
152.5,1.1163,0.5489,-0.013684,2,-56,4.9379,922.75,2
153,1.1163,0.5489,-0.013684,2,-58,0.65961,925.25,2
153.5,1.1163,0.5489,-0.013684,2,-56.5,0.0061359,920.25,2
155.28,0.84658,0.65224,-0.10491,2,-58,0.69489,925.25,2
156,0.84658,0.65224,-0.10491,2,-56.5,0.021476,920.25,2
157.25,0.88175,0.64076,-0.070699,2,-56.5,4.5329,923.75,2
157.5,0.88175,0.64076,-0.070699,2,-56.5,5.8307,921.25,2
158,0.88175,0.64076,-0.070699,2,-56.5,6.0914,920.75,2
158.75,0.88175,0.64076,-0.070699,2,-55.5,5.4809,921.75,2
159.75,0.87003,0.64076,-0.10491,2,-57,1.3192,923.75,2
160.5,0.87003,0.64076,-0.10491,2,-56,6.0331,920.75,2
162.25,0.87003,0.65224,-0.10491,2,-56.5,1.8776,922.75,2
163,0.87003,0.65224,-0.10491,2,-57.5,1.1198,924.25,2
163.5,0.87003,0.65224,-0.10491,2,-56,5.6052,921.75,2
164,0.87003,0.65224,-0.10491,2,-56,5.326,922.25,2
164.5,0.87003,0.65224,-0.10491,2,-56,5.0054,922.75,2
165.75,0.89348,0.62928,-0.093505,2,-56.5,6.2786,920.25,2
166.25,0.89348,0.62928,-0.093505,2,-56,4.6955,923.25,2
166.5,0.89348,0.62928,-0.093505,2,-56,5.1895,922.25,2
168,0.88175,0.64076,-0.093505,2,-57,1.1321,924.25,2
168.5,0.88175,0.64076,-0.093505,2,-56.5,1.5769,923.25,2
169,0.88175,0.64076,-0.093505,2,-56,5.191,922.25,2
169.5,0.88175,0.64076,-0.093505,2,-56.5,4.4225,923.75,2
178.75,0.88175,0.62928,-0.10491,2,-57,0.15033,925.75,2
184.5,0.82312,0.68669,-0.13912,2,-56.5,0.33748,925.25,2
186,0.87003,0.64076,-0.11631,2,-54,4.9256,922.25,2
193,0.84658,0.66373,-0.13912,2,-56.5,0.474,924.75,2
194.5,0.77622,0.66373,0.020525,2,-55,5.6159,924.25,4
196.25,0.096148,0.93932,-0.16192,2,-57,6.1543,923.75,4
198.25,0.096148,0.93932,-0.16192,1,-66.5,0.51695,922.25,4
199.5,-0.51357,0.98526,-0.25315,4,-59,0.72864,924.25,1
199.75,-0.51357,0.98526,-0.25315,4,-60.5,5.6834,920.25,1
200.25,-0.51357,0.98526,-0.25315,3,-57,0.18715,923.25,1
200.33,-0.51357,0.98526,-0.25315,3,-58,1.6045,924.75,1
200.75,0.92865,0.26182,-0.13912,3,-52,5.5776,925.75,3
201,1.2335,-0.15158,-0.12771,1,-61.5,5.8537,923.75,3
201.53,1.0928,-0.25493,-0.03649,1,-58.5,4.5605,921.25,3
202.25,1.2101,-0.31234,0.077541,1,-60.5,5.507,920.25,3
203.25,1.2687,-0.32383,0.043332,1,-67,0.3252,925.75,3
204.25,1.0928,-0.28938,-0.059296,1,-60.5,4.9962,920.75,3
205.25,1.2687,-0.36976,0.0091224,1,-64.5,4.3442,924.75,3
206,1.2921,-0.38124,0.020525,1,-61.5,6.1804,922.75,3
206.25,1.2921,-0.38124,0.020525,1,-60.5,4.5268,921.25,3
208,1.0694,-0.26641,-0.082102,1,-61,0.38503,922.25,3
208.75,1.0928,-0.26641,-0.082102,1,-60,4.5636,921.25,3
209,1.0928,-0.26641,-0.082102,1,-66,0.76392,925.25,3
210,1.128,-0.28938,-0.059296,1,-62,2.5679,923.25,3
211.75,0.91693,-0.18603,-0.12771,3,-49,6.0945,924.25,3
211.85,0.91693,-0.18603,-0.12771,3,-49,6.0654,924.25,3
212.25,0.9521,-0.18603,-0.12771,3,-48.5,1.4174,921.75,3
212.35,1.2687,-0.33531,0.020525,3,-48.5,0.18868,923.25,3
212.5,1.0107,-0.23196,-0.10491,1,-65.5,0.11045,923.25,3
212.75,1.0107,-0.23196,-0.10491,1,-68.5,1.7303,924.75,3
213,0.88175,-0.18603,-0.13912,3,-50,4.9225,925.75,3
213.08,0.88175,-0.18603,-0.13912,3,-50,4.9103,925.75,3
213.25,0.91693,-0.19751,-0.12771,3,-49.5,6.2234,923.75,3
213.5,0.99901,-0.22048,-0.11631,1,-66.5,0.71023,922.75,3
213.75,0.99901,-0.22048,-0.11631,1,-66.5,5.3689,921.25,3
213.83,0.99901,-0.22048,-0.11631,3,-51,5.6205,925.25,3
214.25,1.1397,-0.28938,-0.013684,3,-50,6.2586,924.25,3
214.75,0.91693,-0.18603,-0.13912,1,-66,6.0592,923.25,3
215,0.91693,-0.18603,-0.13912,1,-65,1.1305,924.75,3
215.25,0.91693,-0.18603,-0.13912,1,-65.5,0.38196,922.25,3
215.75,1.1632,-0.30086,-0.03649,3,-48.5,6.2663,923.75,3
217.25,0.91693,-0.19751,-0.12771,3,-48.5,6.274,923.25,3
217.5,1.1514,-0.27789,-0.025087,3,-48.5,5.1496,924.75,3
217.75,1.0107,-0.19751,-0.093505,3,-49.5,4.4976,925.75,3
218,0.88175,-0.18603,-0.13912,3,-48.5,5.8552,923.75,3
218.75,0.96383,-0.19751,-0.11631,3,-49,4.7891,925.25,3
220,0.9052,-0.19751,-0.12771,3,-49,5.1542,924.75,3
220.25,1.0225,-0.20899,-0.10491,3,-49.5,4.5237,925.75,3
221,1.0342,-0.19751,-0.093505,3,-49.5,4.9256,925.25,3
222.75,0.92865,-0.18603,-0.10491,3,-50,4.5437,925.75,3
224.25,1.1163,-0.26641,-0.03649,3,-49.5,1.1643,921.75,3
224.5,0.94038,-0.19751,-0.11631,3,-49,6.277,923.25,3
225,0.91693,-0.18603,-0.11631,3,-49.5,4.5789,925.75,3
225.25,0.92865,-0.19751,-0.11631,3,-49,5.912,923.75,3
225.5,1.1045,-0.27789,-0.047893,3,-49,0.43565,922.75,3
225.75,1.0694,-0.23196,-0.082102,3,-50,1.5018,921.25,3
226.5,0.91693,-0.19751,-0.12771,3,-49.5,5.5361,924.25,3
227.75,1.0459,-0.24344,-0.082102,3,-50,4.5697,925.75,3
227.85,1.0459,-0.24344,-0.082102,3,-50,4.5667,925.75,3
228.5,1.1163,-0.26641,-0.025087,3,-50,4.9394,925.25,3
228.58,1.1163,-0.26641,-0.025087,3,-49.5,4.9824,925.25,3
229,0.96383,-0.19751,-0.11631,3,-52,5.3827,920.25,3
230,1.1045,-0.26641,-0.03649,3,-50,4.582,925.75,3
230.5,0.92865,-0.19751,-0.11631,3,-49.5,0.44792,922.75,3
231.25,0.91693,-0.19751,-0.11631,3,-49.5,5.5668,924.25,3
231.5,0.94038,-0.19751,-0.10491,3,-50,1.2103,921.75,3
231.75,0.94038,-0.19751,-0.10491,3,-50,1.1934,921.75,3
232,0.9052,-0.18603,-0.12771,3,-49.5,5.2002,924.75,3
232.5,0.92865,-0.18603,-0.10491,3,-50,4.6035,925.75,3
234.25,1.2804,-0.35827,0.031928,3,-49.5,1.2026,921.75,3
234.5,0.92865,-0.20899,-0.10491,3,-49,5.2186,924.75,3
234.75,1.128,-0.27789,-0.03649,3,-49,0.86363,922.25,3
235,1.0694,-0.24344,-0.047893,3,-49,5.9488,923.75,3
235.25,0.91693,-0.18603,-0.11631,3,-49,0.47247,922.75,3
235.5,0.9521,-0.19751,-0.10491,3,-50,1.58,921.25,3
235.75,0.9521,-0.19751,-0.10491,3,-49,4.9057,925.25,3
235.85,0.88175,-0.19751,-0.12771,3,-49,4.8857,925.25,3
236.25,0.9521,-0.19751,-0.11631,3,-51.5,5.3321,920.25,3
236.5,0.92865,-0.19751,-0.10491,3,-49.5,1.2057,921.75,3
237,1.1045,-0.26641,-0.025087,3,-49,5.2002,924.75,3
237.08,1.1045,-0.26641,-0.025087,3,-49.5,0.82682,922.25,3
237.25,0.9052,-0.19751,-0.11631,3,-49.5,0.83602,922.25,3
237.35,0.9052,-0.19751,-0.11631,3,-50,4.5498,925.75,3
237.5,0.9052,-0.19751,-0.12771,3,-50,4.5406,925.75,3
237.6,0.9052,-0.19751,-0.12771,3,-49,5.9242,923.75,3
237.63,0.88175,-0.19751,-0.12771,3,-49,5.9426,923.75,3
238,0.94038,-0.20899,-0.11631,3,-50,1.5493,921.25,3
238.5,1.2101,-0.32383,0.0091224,3,-49,5.5515,924.25,3
238.75,1.2101,-0.32383,0.0091224,3,-49,5.5469,924.25,3
239.75,1.0342,-0.22048,-0.082102,3,-49.5,4.5467,925.75,3
240.5,0.88175,-0.19751,-0.12771,3,-49,4.8627,925.25,3
241.25,0.89348,-0.19751,-0.12771,3,-51,2.1767,920.25,3
241.5,1.1866,-0.31234,-0.0022806,3,-49,0.053689,923.25,3
241.75,0.92865,-0.19751,-0.11631,3,-49,5.1803,924.75,3
242,0.91693,-0.19751,-0.11631,3,-49,0.80994,922.25,3
243,0.97555,-0.19751,-0.11631,3,-49.5,4.8504,925.25,3
243.5,0.98728,-0.20899,-0.10491,3,-49,5.5361,924.25,3
244,1.1514,-0.30086,-0.013684,3,-49,0.0061359,923.25,3
244.25,0.92865,-0.18603,-0.10491,3,-49.5,6.2663,923.25,3
244.35,1.0107,-0.20899,-0.082102,3,-49.5,0.76852,922.25,3
244.5,1.1163,-0.28938,-0.03649,3,-49.5,0.75012,922.25,3
244.58,1.1163,-0.28938,-0.03649,3,-50,4.4746,925.75,3
244.75,0.9052,-0.19751,-0.11631,3,-50,4.49,925.75,3
245,0.9521,-0.19751,-0.10491,3,-49,5.8782,923.75,3
245.08,0.94038,-0.19751,-0.11631,3,-49,0.38503,922.75,3
245.25,0.91693,-0.19751,-0.11631,3,-50,1.4788,921.25,3
245.33,0.91693,-0.19751,-0.11631,3,-50,1.4788,921.25,3
246,1.1163,-0.24344,-0.03649,3,-51.5,5.2155,920.25,3
246.75,0.94038,-0.20899,-0.12771,3,-49,5.0821,924.75,3
247,1.1397,-0.27789,-0.025087,3,-50,4.4516,925.75,3
247.25,1.1045,-0.26641,-0.03649,3,-49,5.8399,923.75,3
247.75,0.89348,-0.19751,-0.12771,3,-50,1.5539,921.25,3
247.85,0.9052,-0.19751,-0.12771,3,-49.5,4.898,925.25,3
248,1.2218,-0.32383,0.020525,1,-65,5.2125,920.75,3
250,0.87003,0.46851,0.0091224,1,-65.5,4.154,921.25,1
250.5,0.87003,0.46851,0.0091224,1,-67,0.85289,920.75,1
250.75,0.87003,0.46851,0.0091224,4,-67,2.3945,924.25,1
251,0.87003,0.46851,0.0091224,4,-58.5,0.73631,921.75,1
251.25,0.87003,0.46851,0.0091224,1,-57.5,0.7087,923.25,1
251.5,0.87003,0.46851,0.0091224,1,-59,0.25157,924.75,1
253.25,-0.0093803,0.95081,-0.11631,1,-58.5,0.35282,924.25,1
254,-0.0093803,0.95081,-0.11631,1,-56.5,5.1388,923.25,1
0,0.88175,0.74411,0.19157,4,-57.5,5.935,923.25,1
0.75,0.88175,0.74411,0.19157,1,-61,4.6786,924.75,1
2,0.88175,0.74411,0.19157,1,-59.5,3.6693,925.75,1
2.5,0.57689,0.85894,0.054735,4,-58,5.8828,923.25,1
3,0.57689,0.85894,0.054735,4,-56.5,1.3852,924.75,1
4.75,0.69414,0.80152,0.11175,4,-56.5,1.8776,924.25,1
6,0.84658,0.74411,0.16876,1,-58.5,4.1709,925.25,1
6.75,0.84658,0.74411,0.16876,4,-59,0.50928,922.25,1
7,0.84658,0.74411,0.16876,4,-56.5,0.10584,925.75,1
7.75,0.84658,0.74411,0.16876,1,-61,5.5361,923.75,1
8.5,0.68242,0.81301,0.077541,4,-56.5,0.64887,925.25,1
9.25,0.68242,0.81301,0.077541,1,-59,3.6417,925.75,1
10,0.68242,0.81301,0.077541,4,-57.5,2.1016,923.75,1
10.75,0.68242,0.81301,0.077541,1,-61.5,6.073,922.75,1
11.75,0.61207,0.84746,0.054735,1,-59.5,3.5864,925.75,1
12.25,0.61207,0.84746,0.054735,4,-58,2.5142,923.25,1
12.75,0.61207,0.84746,0.054735,4,-56.5,1.014,924.75,1
13.25,0.61207,0.84746,0.054735,1,-59.5,4.0068,925.25,1
14.25,0.83485,0.75559,0.16876,1,-60,4.8581,924.25,1
15.25,0.83485,0.75559,0.16876,4,-57,0.98328,924.75,1
15.75,0.83485,0.75559,0.16876,1,-59.5,3.9531,925.25,1
17.5,0.70587,0.79004,0.12315,4,-58,1.9144,923.75,1
18.25,0.70587,0.79004,0.12315,1,-58,3.9684,925.25,1
19.25,0.79967,0.77856,0.13456,1,-61,5.1128,924.25,1
20,0.79967,0.77856,0.13456,4,-57,2.1322,923.75,1
20.25,0.79967,0.77856,0.13456,1,-59.5,4.5866,924.75,1
20.75,0.79967,0.77856,0.13456,4,-59.5,1.7411,920.75,1
21.5,0.64724,0.81301,0.020525,4,-56.5,6.2556,925.75,1
21.75,0.64724,0.81301,0.020525,1,-61,6.096,923.25,1
22.5,0.64724,0.81301,0.020525,4,-56,2.4989,923.75,1
22.575,0.64724,0.81301,0.020525,4,-56.5,1.6168,924.75,1
23,0.64724,0.81301,0.020525,4,-56,1.3468,925.25,1
23.25,0.64724,0.81301,0.020525,1,-62.5,2.2657,920.75,1
24.25,0.63552,0.83597,0.077541,4,-56.5,1.9589,924.25,1
24.75,0.63552,0.83597,0.077541,4,-57,6.047,923.75,1
25,0.63552,0.83597,0.077541,4,-56.5,5.3444,924.75,1
25.25,0.63552,0.83597,0.077541,4,-57.5,4.6065,922.75,1
25.5,0.63552,0.83597,0.077541,1,-58.5,4.852,925.25,1
27.75,0.77622,0.75559,0.11175,1,-63.5,6.1911,922.75,1
28.75,0.77622,0.75559,0.11175,4,-57,0.28072,925.75,1
29,0.77622,0.75559,0.11175,4,-57.5,6.0086,923.25,1
30.25,0.8114,0.75559,0.14596,1,-63,6.2433,922.75,1
31.75,0.8583,0.74411,0.11175,4,-58,5.8782,923.25,1
32.25,0.8583,0.74411,0.11175,4,-56.5,1.3284,924.75,1
33,0.8583,0.74411,0.11175,1,-62.5,3.8058,925.25,1
34.5,1.0107,0.67521,0.20297,1,-64.5,5.1511,923.75,1
35.25,1.0107,0.67521,0.20297,4,-57,0.68876,925.25,1
36,1.0107,0.67521,0.20297,4,-57,0.20862,925.75,1
36.25,1.0107,0.67521,0.20297,1,-61.5,4.898,924.25,1
37.75,0.74105,0.81301,0.088944,1,-62.5,4.1586,925.25,1
38.75,0.74105,0.81301,0.088944,1,-63.5,4.9793,924.25,1
39.75,0.74105,0.81301,0.088944,4,-60,5.0361,921.25,1
41,0.74105,0.81301,0.088944,4,-57,0.49548,925.75,1
42.5,0.7645,0.75559,0.14596,1,-65.5,6.1896,922.75,1
43.5,0.7645,0.75559,0.14596,1,-61.5,0.59672,925.75,1
44.75,0.7645,0.75559,0.14596,4,-58.5,3.5466,922.75,1
46.25,0.7176,0.79004,0.066138,1,-65.5,5.6006,923.25,1
46.75,0.7176,0.79004,0.066138,4,-56,1.6153,924.75,1
47.5,0.7176,0.79004,0.066138,4,-57,1.0815,925.25,1
48.25,0.7176,0.79004,0.066138,4,-57,0.72557,925.75,1
49.25,0.68242,0.81301,0.077541,1,-62.5,4.7277,924.75,1
50.5,0.68242,0.81301,0.077541,1,-66.5,0.42645,922.25,1
52.5,0.88175,0.70966,0.16876,4,-57,1.172,925.25,1
53,0.88175,0.70966,0.16876,1,-67,0.52155,922.25,1
54.5,0.8114,0.74411,0.15736,4,-58.5,3.8825,922.75,1
55.5,0.8114,0.74411,0.15736,1,-61,3.9408,925.75,1
56.5,0.8114,0.74411,0.15736,4,-57.5,2.7059,923.75,1
58,0.7176,0.80152,0.088944,4,-57.5,0.69336,925.75,1
58.25,0.7176,0.80152,0.088944,1,-65,6.0454,923.25,1
60.5,0.7645,0.77856,0.15736,1,-63,5.3352,924.25,1
61.5,0.7645,0.77856,0.15736,4,-56.5,1.6045,924.75,1
62,0.7645,0.77856,0.15736,1,-61.5,4.3718,925.25,1
63.75,0.67069,0.79004,0.10035,4,-57.5,1.9558,924.75,1
64.5,0.67069,0.79004,0.10035,4,-58.5,0.96794,922.75,1
65.25,0.67069,0.79004,0.10035,4,-57,0.98175,925.75,1
65.525,0.67069,0.79004,0.10035,4,-57,2.5372,924.25,1
66.25,0.67069,0.79004,0.10035,1,-64.5,4.8781,924.75,1
67.75,0.7176,0.76708,0.12315,1,-63,0.64274,925.75,1
68.75,0.7176,0.76708,0.12315,4,-56.5,1.7932,924.75,1
69.25,0.7176,0.76708,0.12315,1,-63,0.9434,925.25,1
70.25,0.7176,0.76708,0.12315,4,-57,0.54303,925.75,1
71.25,0.64724,0.82449,0.054735,4,-57,1.6199,924.75,1
72,0.64724,0.82449,0.054735,1,-68.5,4.7308,920.75,1
73,0.72932,0.79004,0.11175,4,-57.5,0.084369,923.25,1
73.5,0.72932,0.79004,0.11175,1,-63.5,5.5392,923.75,1
74.75,0.63552,0.81301,0.066138,4,-58.5,4.5283,921.75,4
75,0.63552,0.81301,0.066138,1,-60,3.8564,925.75,4
77,0.37756,0.92784,0.020525,4,-57.5,6.1543,921.75,4
77.5,0.37756,0.92784,0.020525,4,-52.5,5.5407,925.75,4
78,0.7176,0.74411,0.11175,4,-55,1.7196,923.25,4
78.5,0.7176,0.74411,0.11175,1,-56,0.80381,924.75,4
78.75,0.7176,0.74411,0.11175,4,-67,4.9348,921.25,4
80,0.7645,0.97377,0.18017,2,-65.5,5.9733,925.75,4
81.75,0.36583,0.89339,0.077541,2,-57,1.8623,921.75,4
82.75,0.42446,0.92784,0.054735,2,-56.5,3.9761,923.25,4
84,1.0107,0.64076,0.18017,1,-67,5.2508,925.25,2
85.5,0.75277,0.76708,0.11175,2,-55.5,5.2477,923.75,2
85.75,0.75277,0.76708,0.11175,2,-55.5,5.2631,923.75,2
85.825,0.75277,0.76708,0.11175,2,-55.5,4.7845,924.75,2
87.25,0.74105,0.79004,0.10035,2,-56,4.7339,925.75,2
87.5,0.74105,0.79004,0.10035,2,-57,5.9856,923.25,2
88.25,0.74105,0.79004,0.10035,2,-56.5,5.2493,924.75,2
88.75,0.74105,0.79004,0.10035,2,-56,4.9839,925.25,2
89.5,0.74105,0.79004,0.10035,2,-58,5.6635,922.25,2
91,0.97555,0.64076,0.23718,2,-58,5.5499,922.75,2
92,0.97555,0.64076,0.23718,2,-58.5,5.7662,922.25,2
93,0.97555,0.64076,0.23718,2,-57.5,5.1082,923.75,2
94.5,0.97555,0.64076,0.23718,2,-56,1.353,925.75,2
96,0.99901,0.66373,0.20297,2,-54.5,4.4531,925.25,2
98.5,0.61207,0.87042,-0.0022806,2,-57,4.4808,925.25,2
100.25,0.61207,0.87042,-0.0022806,2,-58,5.1572,923.75,2
101.25,0.61207,0.87042,-0.0022806,2,-60.5,6.1144,920.75,2
102,0.61207,0.87042,-0.0022806,2,-57,4.8397,924.25,2
112,0.87003,0.70966,0.18017,2,-58.5,5.1849,923.25,2
116.5,0.87003,0.70966,0.18017,2,-57.5,1.7242,925.75,2
118.25,0.87003,0.70966,0.18017,2,-61,5.5162,920.75,2
120.25,0.87003,0.70966,0.18017,2,-58.5,5.2048,922.75,2
125.5,0.70587,0.75559,0.12315,2,-57,4.6526,925.25,2
127.25,0.70587,0.75559,0.12315,2,-57.5,5.0146,924.75,2
131.25,0.70587,0.75559,0.12315,2,-58.5,5.0038,924.25,2
134.75,0.70587,0.75559,0.12315,2,-60,5.9227,921.25,2
136.25,0.70587,0.75559,0.12315,2,-58,4.8152,924.25,2
140.75,0.48309,0.93932,0.11175,2,-46,0.50315,925.75,2
141,0.45964,0.97377,-0.059296,2,-46,5.7984,924.25,2
141.08,0.20168,0.80152,-0.33297,2,-47.5,0.41111,924.25,2
144,0.72932,0.93932,-0.047893,4,-57,5.0529,923.75,4
144.5,0.72932,0.93932,-0.047893,4,-59,0.73478,922.75,1
145,0.72932,0.93932,-0.047893,4,-58.5,2.62,920.75,1
145.5,0.72932,0.93932,-0.047893,4,-57,4.9164,925.75,1
146.75,0.47136,0.089569,0.93277,3,-63.5,5.9902,924.75,3
148,0.47136,0.089569,0.93277,4,-59,4.1586,925.75,3
148.5,0.47136,0.089569,0.93277,4,-59.5,0.21016,923.25,3
149.25,0.47136,0.089569,0.93277,4,-58.5,5.013,924.75,3
149.75,0.47136,0.089569,0.93277,4,-58.5,4.5283,925.25,3
151.5,0.43619,-0.27789,0.95557,3,-61,2.6078,924.75,3
152.25,0.43619,-0.27789,0.95557,3,-63.5,4.7768,920.75,3
153,0.43619,-0.27789,0.95557,4,-59,4.0298,925.75,3
154,0.43619,-0.27789,0.95557,4,-58.5,4.9977,924.75,3
155.5,0.40101,-0.27789,0.94417,3,-61.5,6.0454,924.25,3
156,0.40101,-0.27789,0.94417,3,-63.5,4.921,920.25,3
157.75,0.52999,-0.32383,1.0012,4,-59,3.9715,925.75,3
158.25,0.52999,-0.32383,1.0012,3,-63,4.9563,920.25,3
159.5,0.52999,-0.32383,1.0012,4,-59,4.3887,925.25,3
161,0.38928,-0.24344,0.92136,4,-59,5.8506,923.75,3
162,0.38928,-0.24344,0.92136,4,-59,4.3964,925.25,3
162.75,0.38928,-0.24344,0.92136,4,-59,3.8549,925.75,3
163,0.38928,-0.24344,0.92136,4,-58.5,5.2754,924.25,3
163.75,0.38928,-0.24344,0.92136,4,-58,4.8244,924.75,3
165,0.40101,-0.26641,0.92136,3,-62,3.9255,922.25,3
166,0.40101,-0.26641,0.92136,3,-61.5,6.1988,923.75,3
167.25,0.40101,-0.26641,0.92136,4,-59.5,0.91272,922.25,3
168.5,0.40101,-0.25493,0.90996,3,-61.5,6.1727,923.75,3
169,0.40101,-0.25493,0.90996,3,-62,0.43258,922.75,3
170,0.40101,-0.25493,0.90996,4,-59.5,3.7613,925.75,3
171,0.40101,-0.25493,0.90996,4,-59,4.7293,924.75,3
171.75,0.40101,-0.25493,0.90996,4,-59,4.2767,925.25,3
173.5,0.45964,-0.28938,0.95557,4,-59,4.7001,924.75,3
174,0.45964,-0.28938,0.95557,4,-59,4.2184,925.25,3
175.75,0.45964,-0.30086,0.94417,3,-61.5,6.1267,923.75,3
176.75,0.45964,-0.30086,0.94417,4,-61,2.1798,920.75,3
179,0.68242,-0.38124,1.024,4,-59.5,4.0896,925.25,3
179.75,0.68242,-0.38124,1.024,4,-60,3.5941,925.75,3
181.25,0.43619,-0.28938,0.90996,3,-61,0.46326,922.75,3
182.25,0.43619,-0.28938,0.90996,4,-60,0.4694,925.75,3
183.25,0.43619,-0.28938,0.90996,4,-59.5,4.6771,924.75,3
184.5,0.42446,-0.27789,0.92136,3,-61.5,0.73938,922.25,3
185.25,0.42446,-0.27789,0.92136,4,-59.5,6.0147,923.25,3
185.75,0.42446,-0.27789,0.92136,3,-60.5,2.4544,924.75,3
186.25,0.42446,-0.27789,0.92136,4,-59.5,4.1678,925.25,3
187,0.42446,-0.27789,0.92136,4,-60.5,0.46786,925.75,3
188.75,0.70587,-0.39272,1.0468,3,-60,5.326,925.25,3
189.75,0.70587,-0.39272,1.0468,3,-61,2.7136,924.25,3
191.75,0.44791,-0.27789,0.92136,4,-60,1.2241,921.75,3
192.25,0.44791,-0.27789,0.92136,4,-59,4.9824,924.25,3
194.25,0.43619,-0.28938,0.92136,4,-60.5,0.82375,922.25,3
194.75,0.43619,-0.28938,0.92136,3,-61,0.21016,923.25,3
195.25,0.43619,-0.28938,0.92136,4,-58.5,4.4854,924.75,3
196,0.43619,-0.28938,0.92136,3,-61,3.6816,922.75,3
196.5,0.43619,-0.28938,0.92136,4,-60,0.72557,922.25,3
197.25,0.43619,-0.28938,0.92136,4,-59,6.0592,923.25,3
198.75,0.62379,-0.40421,1.024,3,-62,0.95107,921.75,3
199.5,0.62379,-0.40421,1.024,4,-59.5,5.0146,924.25,3
201.5,0.49481,-0.31234,0.94417,4,-59.5,1.2395,921.75,3
202,0.49481,-0.31234,0.94417,4,-59.5,5.0591,924.25,3
202.75,0.49481,-0.31234,0.94417,4,-59.5,4.5789,924.75,3
203.25,0.49481,-0.31234,0.94417,4,-59.5,1.2471,925.25,3
205,0.49481,-0.31234,0.94417,4,-59.5,4.7109,924.75,3
205.75,0.49481,-0.31234,0.94417,3,-60.5,2.0632,925.25,3
210.75,0.37756,0.83597,-0.31016,4,-52.5,0.22856,925.25,4
0,-0.41977,0.92784,0.0091224,1,-65,0.83909,922.75,4
1.75,0.75277,0.82449,0.077541,1,-63.5,5.2493,922.25,1
2.5,0.75277,0.82449,0.077541,1,-62,6.0393,921.25,1
3.25,0.75277,0.82449,0.077541,4,-57.5,5.349,920.25,1
3.75,0.75277,0.82449,0.077541,1,-62,5.2861,921.75,1
5.5,0.78795,0.81301,0.10035,1,-66.5,0.082835,924.25,1
6.5,0.78795,0.81301,0.10035,4,-58.5,0.072097,922.25,1
7.5,0.78795,0.81301,0.10035,4,-57.5,1.0692,921.25,1
8,0.78795,0.81301,0.10035,1,-66,6.1144,924.25,1
8.75,0.78795,0.81301,0.10035,1,-65.5,0.85443,923.25,1
10.75,0.51826,0.92784,-0.025087,1,-63,0.19021,920.25,1
11.5,0.51826,0.92784,-0.025087,4,-58.5,6.1681,922.25,1
12.25,0.51826,0.92784,-0.025087,4,-58.5,5.7923,922.75,1
13,0.51826,0.92784,-0.025087,1,-66,6.1651,924.25,1
14.25,0.51826,0.92784,-0.025087,4,-59,1.5002,923.75,1
15.25,0.51826,0.92784,-0.025087,4,-58,1.2993,920.75,1
16.75,0.58862,0.88191,0.0091224,1,-65,0.37276,923.75,1
17.75,0.58862,0.88191,0.0091224,4,-59.5,1.0677,924.25,1
18.75,0.58862,0.88191,0.0091224,4,-58.5,6.0439,922.25,1
19.75,0.58862,0.88191,0.0091224,4,-58,0.94033,921.25,1
20.5,0.58862,0.88191,0.0091224,1,-62.5,0.27151,920.25,1
21.25,0.58862,0.88191,0.0091224,1,-62.5,4.6204,922.25,1
23,0.55344,0.90487,0.020525,4,-58,4.9732,920.25,1
23.75,0.55344,0.90487,0.020525,1,-63.5,1.5079,922.25,1
25,0.55344,0.90487,0.020525,4,-58.5,1.1812,920.75,1
25.75,0.55344,0.90487,0.020525,4,-58.5,4.964,923.25,1
26.75,0.55344,0.90487,0.020525,1,-64,1.0017,922.75,1
28.5,0.58862,0.88191,0.0091224,4,-58,5.8077,922.25,1
29.5,0.58862,0.88191,0.0091224,4,-58.5,0.52769,921.25,1
30.25,0.58862,0.88191,0.0091224,1,-63,0.12885,920.25,1
31,0.58862,0.88191,0.0091224,4,-58.5,5.938,922.25,1
32,0.58862,0.88191,0.0091224,1,-65,5.0882,925.25,1
33,0.58862,0.88191,0.0091224,4,-58.5,0.069029,921.75,1
34.75,0.62379,0.87042,0.031928,4,-58,1.2226,920.75,1
35.25,0.62379,0.87042,0.031928,1,-65,5.1465,921.75,1
36.5,0.62379,0.87042,0.031928,1,-63.5,1.4189,922.75,1
37.75,0.62379,0.87042,0.031928,1,-66,0.58138,923.25,1
39,0.62379,0.87042,0.031928,4,-58,0.47247,921.25,1
40.25,0.60034,0.87042,0.054735,4,-57.5,4.8535,923.25,1
41.25,0.60034,0.87042,0.054735,3,-65.5,4.5743,923.75,1
41.75,0.60034,0.87042,0.054735,4,-58.5,1.7763,925.25,1
42.75,0.68242,0.84746,0.031928,1,-67.5,0.51695,923.25,1
43.75,0.68242,0.84746,0.031928,1,-67.5,1.152,922.75,1
45.75,0.56517,0.88191,0.0091224,4,-58,5.4656,922.25,1
47.75,0.56517,0.88191,0.0091224,1,-67.5,0.6274,923.25,1
48.75,0.56517,0.88191,0.0091224,1,-65.5,1.2379,922.75,1
49.5,0.56517,0.88191,0.0091224,1,-66.5,5.961,924.25,1
50.25,0.56517,0.88191,0.0091224,1,-65.5,0.39423,923.25,1
52.25,0.65897,0.85894,0.088944,4,-57.5,1.3453,920.25,1
53,0.65897,0.85894,0.088944,4,-58,5.5469,922.25,1
53.75,0.65897,0.85894,0.088944,4,-58,0.19635,921.25,1
54.5,0.65897,0.85894,0.088944,4,-57.5,1.1996,920.25,1
55,0.65897,0.85894,0.088944,1,-65.5,0.44332,923.25,1
57,0.77622,0.81301,0.10035,1,-64,6.2433,920.25,1
58.25,0.77622,0.81301,0.10035,1,-66,6.251,923.75,1
59,0.77622,0.81301,0.10035,1,-64,2.7888,920.75,1
60,0.77622,0.81301,0.10035,1,-65.5,0.43258,923.25,1
61.25,0.77622,0.81301,0.10035,4,-58,0.19328,921.25,1
62,0.63552,0.85894,0.031928,1,-58.5,5.6987,921.75,1
62.5,0.63552,0.85894,0.031928,1,-62.5,5.9779,924.75,1
63.25,0.58862,0.88191,0.020525,3,-62.5,5.688,922.75,1
63.5,0.58862,0.88191,0.020525,1,-59.5,5.8997,921.25,1
63.75,0.58862,0.88191,0.020525,1,-63.5,5.7325,925.25,1
64.5,0.67069,0.83597,0.043332,1,-59,0.49394,920.25,1
64.575,0.67069,0.83597,0.043332,1,-59.5,5.4395,921.75,1
64.75,0.67069,0.83597,0.043332,4,-57.5,5.4057,924.75,1
65.75,0.51826,0.92784,-0.047893,1,-61,0.98328,922.75,1
66.75,0.78795,0.81301,0.088944,4,-56.5,1.2993,920.25,1
67,0.78795,0.81301,0.088944,4,-57.5,6.1727,921.75,1
67.5,0.78795,0.81301,0.088944,1,-64.5,4.5222,922.25,1
68.25,0.78795,0.81301,0.088944,1,-61.5,5.4993,921.25,1
69,0.78795,0.81301,0.088944,4,-58.5,0.25004,924.25,1
70.75,0.57689,0.87042,0.020525,1,-67.5,1.7549,921.25,1
71.5,0.57689,0.87042,0.020525,4,-59,0.48934,924.25,1
72,0.57689,0.87042,0.020525,4,-58,1.5156,923.25,1
73,0.57689,0.87042,0.020525,4,-57,1.2118,922.75,1
73.25,0.57689,0.87042,0.020525,4,-56.5,5.3306,921.25,1
74,0.58862,0.79004,-0.12771,1,-59,0.46173,920.25,1
74.25,0.58862,0.79004,-0.12771,1,-57,5.1572,921.75,1
74.75,0.58862,0.79004,-0.12771,4,-59.5,4.6449,922.25,1
75.25,0.58862,0.79004,-0.12771,1,-57.5,6.0316,923.75,1
77,1.128,-0.26641,-0.03649,1,-65,1.5693,924.75,3
77.5,1.128,-0.26641,-0.03649,1,-68.5,0.4019,925.75,3
78.25,1.2218,-0.30086,-0.16192,3,-55,5.484,921.25,3
79,0.89348,-0.19751,-0.25315,3,-50,1.2701,921.75,3
79.525,1.0694,-0.24344,-0.17333,3,-49.5,5.0621,924.75,3
80.5,1.0928,-0.26641,-0.17333,3,-49.5,0.26538,922.75,3
81.5,0.91693,-0.17454,-0.23034,3,-49.5,1.017,921.75,3
82,0.94038,-0.17454,-0.23034,3,-49,4.8919,924.75,3
82.25,0.89348,-0.17454,-0.24174,3,-49.5,0.60285,922.25,3
82.325,0.89348,-0.17454,-0.24174,3,-50,4.1985,925.75,3
82.5,0.89348,-0.17454,-0.24174,3,-50,4.2062,925.75,3
82.6,0.89348,-0.17454,-0.24174,3,-48.5,5.6404,923.75,3
82.75,1.1983,-0.28938,-0.11631,3,-49,0.12579,922.75,3
83,0.98728,-0.16306,-0.21894,3,-49.5,4.4424,925.25,3
83.5,1.1397,-0.26641,-0.13912,3,-48.5,5.1296,924.25,3
84,0.96383,-0.17454,-0.23034,3,-49,0.8621,921.75,3
84.25,0.89348,-0.18603,-0.24174,3,-48.5,5.9135,923.25,3
84.5,0.91693,-0.17454,-0.23034,3,-48.5,4.7814,924.75,3
84.75,0.89348,-0.17454,-0.24174,3,-50,4.0896,925.75,3
85,1.1632,-0.28938,-0.13912,3,-48.5,5.5438,923.75,3
85.5,0.89348,-0.17454,-0.24174,3,-49.5,1.2732,921.25,3
85.6,0.91693,-0.17454,-0.23034,3,-49,4.4271,925.25,3
86,1.2101,-0.30086,-0.093505,3,-48.5,5.1036,924.25,3
86.1,1.2101,-0.30086,-0.093505,3,-48,5.1204,924.25,3
86.15,1.2101,-0.30086,-0.093505,3,-48.5,5.0913,924.25,3
86.5,0.97555,-0.17454,-0.21894,3,-49.5,0.81915,921.75,3
86.575,0.91693,-0.17454,-0.24174,3,-48.5,5.8475,923.25,3
86.75,0.89348,-0.17454,-0.24174,3,-48.5,4.7308,924.75,3
86.85,0.89348,-0.17454,-0.24174,3,-48.5,4.7231,924.75,3
87,1.3859,-0.35827,-0.047893,3,-48.5,4.7185,924.75,3
87.075,1.128,-0.25493,-0.13912,3,-49,0.4019,922.25,3
87.25,0.96383,-0.16306,-0.21894,3,-50,4.0436,925.75,3
87.5,1.0576,-0.20899,-0.17333,3,-48.5,5.4548,923.75,3
87.6,1.0576,-0.20899,-0.17333,3,-48,5.4686,923.75,3
87.75,1.2101,-0.31234,-0.10491,3,-48.5,6.277,922.75,3
87.825,1.2101,-0.31234,-0.10491,3,-48.5,0.012272,922.75,3
88,1.2218,-0.28938,-0.10491,3,-49,4.3857,925.25,3
88.5,1.2804,-0.31234,-0.082102,3,-48.5,5.1036,924.25,3
88.75,1.2101,-0.30086,-0.093505,3,-49.5,0.83142,921.75,3
89,1.2218,-0.28938,-0.093505,3,-48.5,5.8782,923.25,3
89.25,1.2335,-0.28938,-0.093505,3,-48.5,4.7109,924.75,3
89.325,1.2335,-0.28938,-0.093505,3,-48.5,4.7155,924.75,3
89.75,0.9521,-0.16306,-0.23034,3,-49.5,3.996,925.75,3
89.85,1.0342,-0.17454,-0.19613,3,-48.5,5.3996,923.75,3
90,1.0694,-0.22048,-0.17333,3,-48.5,6.1927,922.75,3
90.075,1.0694,-0.22048,-0.17333,3,-48.5,6.2034,922.75,3
90.5,1.1397,-0.25493,-0.13912,3,-49,4.2921,925.25,3
90.75,0.98728,-0.17454,-0.21894,3,-48.5,5.0023,924.25,3
91.5,1.0811,-0.22048,-0.15052,3,-48.5,5.78,923.25,3
91.75,1.1397,-0.24344,-0.13912,3,-48.5,4.6541,924.75,3
92.25,0.9052,-0.16306,-0.23034,3,-50,3.9607,925.75,3
92.375,0.92865,-0.15158,-0.21894,3,-48.5,5.3766,923.75,3
92.5,1.1514,-0.26641,-0.15052,3,-48.5,6.1697,922.75,3
92.575,1.1514,-0.26641,-0.15052,3,-48.5,6.1881,922.75,3
92.625,1.1514,-0.26641,-0.15052,3,-48.5,6.1651,922.75,3
92.75,0.96383,-0.16306,-0.23034,3,-49.5,1.0723,921.25,3
93,0.87003,-0.17454,-0.25315,3,-49,4.2568,925.25,3
93.075,0.97555,-0.17454,-0.20754,3,-50,1.3975,920.75,3
93.25,0.97555,-0.17454,-0.20754,3,-50,1.3852,920.75,3
93.5,1.1045,-0.24344,-0.16192,3,-48.5,4.9287,924.25,3
94.5,0.94038,-0.17454,-0.21894,3,-49,0.2393,922.25,3
94.6,0.9521,-0.16306,-0.21894,3,-50,3.8794,925.75,3
94.75,1.1163,-0.25493,-0.13912,3,-48,5.3183,923.75,3
95,1.0107,-0.16306,-0.20754,3,-48.5,6.1329,922.75,3
95.25,0.9521,-0.16306,-0.23034,3,-49,4.2691,925.25,3
95.75,1.257,-0.31234,-0.093505,3,-48.5,4.9317,924.25,3
96,1.2218,-0.27789,-0.10491,3,-50.5,1.6966,920.25,3
96.25,1.2335,-0.30086,-0.10491,3,-48.5,5.7033,923.25,3
96.5,0.94038,-0.17454,-0.23034,3,-49,4.5682,924.75,3
97.25,0.97555,-0.17454,-0.24174,3,-48.5,5.3091,923.75,3
97.5,0.9052,-0.16306,-0.23034,3,-49,6.116,922.75,3
98,0.97555,-0.16306,-0.20754,3,-50.5,1.4097,920.75,3
98.1,0.98728,-0.17454,-0.20754,3,-48.5,4.967,924.25,3
98.75,1.0342,-0.20899,-0.18473,3,-48.5,5.6757,923.25,3
99,0.9052,-0.18603,-0.24174,3,-49,4.5452,924.75,3
99.25,1.0576,-0.19751,-0.18473,3,-50,3.8672,925.75,3
99.5,1.0576,-0.19751,-0.18473,3,-50.5,3.8549,925.75,3
99.6,0.9052,-0.17454,-0.25315,3,-48.5,5.2769,923.75,3
99.65,0.9052,-0.17454,-0.25315,3,-48.5,5.283,923.75,3
99.75,1.1045,-0.23196,-0.15052,3,-49,6.0608,922.75,3
100,1.2101,-0.28938,-0.10491,3,-49.5,0.97868,921.25,3
100.25,0.9052,-0.16306,-0.23034,3,-49.5,4.1832,925.25,3
100.75,1.0107,-0.17454,-0.20754,3,-48.5,4.9271,924.25,3
101,1.0576,-0.20899,-0.16192,3,-49.5,0.65961,921.75,3
101.25,1.0576,-0.20899,-0.16192,3,-48.5,5.7079,923.25,3
101.5,0.92865,-0.16306,-0.23034,3,-49,4.605,924.75,3
101.75,0.96383,-0.17454,-0.23034,3,-50,3.8595,925.75,3
102.25,0.9052,-0.17454,-0.24174,3,-49,6.0485,922.75,3
102.5,0.91693,-0.17454,-0.23034,3,-50,0.98175,921.25,3
102.6,0.91693,-0.17454,-0.23034,3,-49.5,0.98175,921.25,3
102.75,1.1163,-0.24344,-0.15052,3,-49.5,4.1832,925.25,3
102.83,1.1163,-0.24344,-0.15052,3,-49.5,4.1985,925.25,3
102.85,0.88175,-0.17454,-0.24174,3,-50,1.3269,920.75,3
103,0.88175,-0.17454,-0.24174,3,-50,1.3361,920.75,3
103.08,0.98728,-0.17454,-0.20754,3,-48.5,4.8949,924.25,3
103.5,1.1514,-0.24344,-0.12771,3,-49.5,0.58751,921.75,3
103.58,1.1514,-0.24344,-0.12771,3,-48.5,5.6665,923.25,3
103.75,1.1045,-0.23196,-0.16192,3,-49,4.5314,924.75,3
104.25,0.9521,-0.16306,-0.21894,3,-50,3.8442,925.75,3
104.5,0.92865,-0.16306,-0.23034,3,-48.5,5.2309,923.75,3
104.75,0.9052,-0.17454,-0.24174,3,-49,5.9948,922.75,3
105,0.98728,-0.17454,-0.21894,3,-49.5,0.93419,921.25,3
105.08,0.98728,-0.17454,-0.21894,3,-50,4.1602,925.25,3
105.25,1.0694,-0.20899,-0.19613,3,-50,1.2855,920.75,3
105.5,0.98728,-0.17454,-0.21894,3,-49,4.855,924.25,3
106,1.1749,-0.26641,-0.12771,3,-49.5,0.5507,921.75,3
106.25,0.99901,-0.17454,-0.20754,3,-48.5,5.622,923.25,3
106.35,0.9052,-0.17454,-0.24174,3,-49,4.5084,924.75,3
107,1.128,-0.25493,-0.13912,3,-48.5,5.2631,923.75,3
107.1,1.128,-0.24344,-0.16192,3,-49,6.0654,922.75,3
107.5,1.0225,-0.18603,-0.20754,3,-50,4.2369,925.25,3
108,0.91693,-0.16306,-0.25315,3,-48.5,4.9057,924.25,3
108.75,1.0576,-0.22048,-0.17333,3,-49,4.5559,924.75,3
109.25,0.98728,-0.16306,-0.20754,3,-50.5,3.8702,925.75,3
109.5,1.1749,-0.27789,-0.12771,3,-49,5.2784,923.75,3
109.75,0.9521,-0.17454,-0.23034,3,-50,1.0201,921.25,3
110,0.88175,-0.16306,-0.25315,3,-50,4.2445,925.25,3
110.1,0.88175,-0.16306,-0.25315,3,-50,4.2445,925.25,3
110.25,0.89348,-0.16306,-0.24174,3,-49,4.9594,924.25,3
111,0.88175,-0.16306,-0.25315,1,-66,1.2747,923.25,3
111.5,0.98728,-0.17454,-0.24174,1,-62.5,2.0448,922.25,3
111.75,0.98728,-0.17454,-0.24174,1,-63,0.52309,923.75,3
112,0.98728,-0.17454,-0.24174,1,-62.5,1.5739,922.75,3
112.5,1.257,-0.32383,-0.11631,1,-64.5,0.48474,920.75,3
112.75,1.257,-0.32383,-0.11631,3,-50.5,4.5099,924.25,3
112.85,1.257,-0.32383,-0.11631,1,-64,6.274,924.25,3
113.25,1.0225,-0.18603,-0.19613,1,-63.5,5.8598,921.75,3
113.75,0.9521,-0.16306,-0.25315,1,-65,5.846,924.75,3
114,0.9052,-0.15158,-0.24174,1,-67,4.8244,925.75,3
114.75,1.2218,-0.28938,-0.12771,1,-64.5,0.044485,921.25,3
115,1.0107,-0.18603,-0.20754,1,-65,0.51082,920.75,3
116,1.128,-0.25493,-0.17333,1,-64.5,1.0584,923.25,3
116.25,1.128,-0.25493,-0.17333,1,-64,2.1108,922.25,3
116.5,0.96383,-0.15158,-0.23034,1,-68,1.534,925.75,3
117,0.91693,-0.16306,-0.25315,3,-50,5.6819,922.75,3
117.75,0.9521,-0.17454,-0.25315,1,-65.5,6.2249,924.25,3
118,0.9521,-0.17454,-0.25315,1,-66,0.98635,920.25,3
118.5,1.1397,-0.26641,-0.16192,1,-67,5.6466,924.75,3
118.75,1.1397,-0.26641,-0.16192,1,-64.5,5.2125,922.25,3
119,1.1397,-0.26641,-0.16192,1,-68.5,1.5524,925.75,3
119.25,1.128,-0.26641,-0.16192,1,-64,1.6398,922.75,3
119.5,1.128,-0.26641,-0.16192,1,-65.5,0.033748,921.25,3
119.75,1.128,-0.26641,-0.16192,1,-67,5.1803,925.25,3
120,0.9052,-0.16306,-0.25315,1,-66,6.2234,924.25,3
120.5,1.339,-0.34679,-0.093505,1,-64.5,5.757,921.75,3
120.75,1.339,-0.34679,-0.093505,1,-64,4.2461,923.25,3
121,1.339,-0.34679,-0.093505,1,-66,5.6803,924.75,3
121.25,1.339,-0.34679,-0.093505,3,-50,6.0592,922.25,3
121.35,1.339,-0.34679,-0.093505,1,-64,5.2309,922.25,3
121.5,1.1045,-0.23196,-0.17333,3,-49.5,4.9057,923.75,3
121.58,1.1045,-0.23196,-0.17333,1,-65,0.55377,923.75,3
121.75,1.1045,-0.23196,-0.17333,1,-64,4.7461,922.75,3
122,1.1045,-0.23196,-0.17333,1,-67,5.1987,925.25,3
122.5,1.128,-0.23196,-0.17333,1,-65.5,0.072097,924.25,3
123,1.2804,-0.31234,-0.10491,1,-64.5,5.8215,921.75,3
123.25,1.2804,-0.31234,-0.10491,3,-49.5,5.3152,923.25,3
123.5,1.2335,-0.30086,-0.12771,3,-50,6.0746,922.25,3
124,1.2921,-0.32383,-0.093505,1,-65,0.57678,923.75,3
124.25,1.2921,-0.32383,-0.093505,1,-64,4.7768,922.75,3
125,1.2921,-0.32383,-0.10491,1,-65.5,0.001534,924.25,3
125.5,1.2218,-0.30086,-0.10491,1,-64.5,5.8138,921.75,3
125.78,1.1749,-0.26641,-0.12771,1,-66.5,5.7831,924.75,3
126,1.1749,-0.26641,-0.12771,3,-50,6.0516,922.25,3
126.5,0.88175,-0.16306,-0.26455,1,-65,0.63507,923.75,3
126.6,0.88175,-0.16306,-0.26455,1,-63.5,4.8014,922.75,3
127,1.0694,-0.20899,-0.19613,1,-65.5,3.6984,920.75,3
127.25,1.0694,-0.20899,-0.19613,1,-65.5,0.018408,924.25,3
127.5,1.0694,-0.20899,-0.19613,1,-66.5,0.98175,920.25,3
128,0.92865,-0.16306,-0.25315,1,-67,1.1597,923.25,3
128.25,0.92865,-0.16306,-0.25315,3,-50.5,0.73324,922.25,3
128.75,1.2335,-0.31234,-0.11631,1,-67,2.0693,923.75,3
129.75,1.0576,0.46851,-0.0022806,1,-58,4.7385,920.75,1
130,1.0576,0.46851,-0.0022806,3,-57.5,0.76852,920.25,1
130.25,1.0576,0.46851,-0.0022806,1,-61.5,0.003068,921.75,1
130.75,1.0576,0.46851,-0.0022806,1,-58.5,1.7994,922.25,1
131.75,1.0576,0.46851,-0.0022806,3,-66.5,0.28992,921.25,1
132.5,1.0576,0.46851,-0.0022806,1,-59.5,5.5776,921.75,1
135.75,0.56517,0.89339,0.031928,3,-65.5,6.0424,922.25,1
137.25,0.56517,0.89339,0.031928,1,-59,0.2393,920.25,1
138.25,0.56517,0.89339,0.031928,1,-58.5,1.7595,922.25,1
139.5,0.56517,0.89339,0.031928,1,-58.5,6.1283,920.75,1
140,0.56517,0.89339,0.031928,1,-58.5,2.1414,921.75,1
141.25,0.56517,0.89339,0.031928,1,-59.5,5.5346,921.25,1
142.25,0.56517,0.89339,0.031928,1,-58.5,5.2662,921.75,1
144.75,0.58862,0.88191,0.031928,1,-59,0.059825,920.25,1
146,0.58862,0.88191,0.031928,3,-65.5,5.5637,922.75,1
147.25,0.58862,0.88191,0.031928,1,-58.5,0.067495,920.25,1
148,0.58862,0.88191,0.031928,3,-66,5.757,922.25,1
149.5,0.58862,0.88191,0.031928,3,-66.5,4.5329,924.25,1
150.5,0.58862,0.88191,0.031928,1,-58.5,1.5693,922.25,1
152.5,0.69414,0.84746,0.077541,3,-66,5.1342,923.25,1
153.75,0.69414,0.84746,0.077541,1,-58.5,5.4502,921.25,1
154.5,0.69414,0.84746,0.077541,1,-58.5,1.8899,921.75,1
155.75,0.69414,0.84746,0.077541,1,-59,1.1213,922.75,1
156.75,0.69414,0.84746,0.077541,1,-58.5,6.2126,920.25,1
157.78,0.69414,0.84746,0.077541,3,-66.5,5.6404,922.25,1
159.25,0.69414,0.84746,0.077541,1,-59,6.1589,920.25,1
161.5,0.60034,0.87042,0.031928,1,-59,5.6681,920.75,1
162.25,0.60034,0.87042,0.031928,3,-68,0.7992,924.75,1
163.75,0.60034,0.87042,0.031928,1,-58.5,2.5311,920.75,1
164.5,0.60034,0.87042,0.031928,1,-60,0.49854,923.25,1
166.5,0.60034,0.87042,0.031928,3,-67.5,0.53536,920.25,1
168.75,0.60034,0.87042,0.031928,1,-59.5,5.5499,920.75,1
171.5,0.64724,0.87042,0.077541,3,-67,5.9733,921.75,1
173.25,0.64724,0.87042,0.077541,1,-58.5,4.9317,921.25,1
174.75,0.64724,0.87042,0.077541,3,-67,5.4886,922.25,1
176.5,0.64724,0.87042,0.077541,3,-67.5,5.6711,921.75,1
178.75,0.64724,0.87042,0.077541,3,-68,0.36969,920.25,1
183.5,0.61207,0.87042,0.031928,1,-60,5.6834,920.25,1
186.25,0.61207,0.87042,0.031928,1,-59.5,1.2763,921.75,1
188.25,0.61207,0.87042,0.031928,3,-68,6.2004,920.75,1
191.75,0.48309,0.89339,0.12315,4,-68,2.0126,922.25,1
192.5,0.18995,0.92784,-0.0022806,1,-50.5,5.0683,921.25,4
192.6,0.18995,0.92784,-0.0022806,1,-49.5,1.1566,921.25,4
193,0.20168,1.0197,-0.025087,1,-47.5,2.5372,920.75,4
193.08,0.15478,0.83597,-0.059296,1,-47.5,4.987,920.75,4
193.25,0.30721,1.0542,-0.047893,1,-51,4.3749,924.25,4
193.33,0.30721,1.0542,-0.047893,1,-52,5.7217,924.25,4
193.5,0.025796,1.0656,-0.23034,2,-57,5.3214,921.75,4
197.5,0.44791,0.98526,-0.21894,2,-59,3.6724,925.25,2
198.75,0.44791,0.98526,-0.21894,2,-58,0.11812,924.75,2
200.25,0.49481,0.91636,-0.16192,2,-57,1.6659,920.75,2
201.5,0.49481,0.91636,-0.16192,2,-57.5,0.95567,922.25,2
204,0.63552,0.85894,-0.11631,2,-57.5,0.88511,922.25,2
205.75,0.54171,0.89339,-0.15052,2,-57,5.0483,920.25,2
206,0.54171,0.89339,-0.15052,2,-58.5,6.1727,924.75,2
207,0.54171,0.89339,-0.15052,2,-58,0.76852,922.75,2
207.75,0.54171,0.89339,-0.15052,2,-57,1.5923,920.75,2
208.25,0.54171,0.89339,-0.15052,2,-57.5,1.1305,921.75,2
209.25,0.54171,0.89339,-0.15052,2,-58,0.61206,922.75,2
211,0.54171,0.88191,-0.16192,2,-58,5.9488,924.75,2
212.5,0.54171,0.88191,-0.16192,2,-58,4.493,920.75,2
214.25,0.54171,0.88191,-0.16192,2,-58.5,0.4648,922.75,2
215.25,0.54171,0.88191,-0.16192,2,-58,4.6633,920.25,2
217,0.54171,0.88191,-0.16192,2,-58.5,1.1259,921.25,2
218,0.54171,0.88191,-0.16192,2,-58.5,0.85443,921.75,2
221.75,0.55344,0.90487,-0.16192,2,-58.5,1.0216,921.25,2
223.25,0.55344,0.90487,-0.16192,2,-60,5.711,924.75,2
224.75,0.55344,0.90487,-0.16192,2,-59.5,6.0776,924.25,2
227,0.55344,0.90487,-0.16192,2,-58.5,4.5084,920.75,2
229,0.55344,0.90487,-0.16192,2,-58.5,1.0017,921.25,2
230.5,0.55344,0.90487,-0.16192,2,-60,5.8307,924.75,2
236.25,0.49481,0.90487,-0.17333,2,-59.5,0.99095,921.25,2
242.25,0.49481,0.90487,-0.17333,2,-59.5,0.80074,921.75,2
244.5,0.49481,0.90487,-0.17333,2,-59.5,6.2203,924.25,2
245,0.49481,0.90487,-0.17333,2,-58,0.45406,923.25,2
246,0.49481,0.90487,-0.17333,2,-58.5,0.81454,922.75,2
248.25,0.55344,0.87042,-0.16192,2,-57.5,0.1534,923.75,2
250,0.75277,0.82449,-0.070699,2,-57.5,5.6404,924.75,2
256,0.49481,0.90487,-0.16192,2,-57,1.0446,925.25,2
256.5,0.49481,0.90487,-0.16192,2,-57.5,1.5018,924.25,2
257.5,0.49481,0.90487,-0.16192,2,-58.5,0.087437,922.25,2
259,0.49481,0.90487,-0.16192,2,-59.5,4.8581,924.25,2
260,0.49481,0.90487,-0.16192,2,-58.5,5.4027,922.25,2
260.75,0.49481,0.90487,-0.16192,2,-57,1.4036,925.25,2
263,-0.10318,0.92784,-0.070699,1,-67,1.8899,922.75,4
263.25,-0.10318,0.92784,-0.070699,1,-65.5,0.99095,921.25,4
265.25,0.35411,1.0542,-0.13912,1,-69,0.39423,923.75,4
268.75,0.096148,1.0771,-0.013684,1,-57,0.65961,924.25,4
269.5,-0.19699,0.83597,0.054735,1,-58.5,1.4864,924.75,1
270.25,-0.19699,0.83597,0.054735,3,-59,6.1436,922.75,1
270.75,-0.19699,0.83597,0.054735,3,-57.5,6.0807,925.25,1
271,0.78795,0.57186,0.043332,4,-59,2.2626,920.75,1
271.5,0.78795,0.57186,0.043332,4,-66,0.4694,921.75,1
274,1.2452,-0.28938,-0.025087,3,-57,1.0692,921.75,3
274.5,1.2452,-0.28938,-0.025087,4,-67,3.8748,924.75,3
275.25,1.2452,-0.28938,-0.025087,4,-65.5,5.7877,922.75,3
275.75,1.2452,-0.28938,-0.025087,3,-56,1.6322,920.75,3
276,1.2452,-0.28938,-0.025087,3,-56,1.939,920.25,3
276.25,1.2452,-0.28938,-0.025087,4,-66,0.48167,921.75,3
277.25,1.0928,-0.26641,-0.0022806,4,-68,2.5495,925.75,3
277.75,1.0928,-0.26641,-0.0022806,4,-65.5,0.90045,921.25,3
279.75,1.0694,-0.27789,0.0091224,4,-65.5,4.5912,923.75,3
280.25,1.0694,-0.27789,0.0091224,4,-66,0.84983,921.25,3
282,1.3156,-0.38124,0.10035,4,-65.5,6.0868,922.25,3
282.75,1.0342,-0.24344,-0.013684,4,-66,0.8667,921.25,3
283.25,1.0342,-0.24344,-0.013684,4,-66,4.0436,924.25,3
283.75,1.0342,-0.24344,-0.013684,4,-66,0.3068,921.75,3
284.75,0.98728,-0.20899,-0.03649,4,-67,5.5361,922.75,3
285.75,1.1163,-0.31234,0.031928,4,-68,4.0451,924.25,3
286.25,1.1163,-0.31234,0.031928,4,-67,0.30373,921.75,3
286.75,1.1163,-0.31234,0.031928,4,-67,5.9887,922.25,3
287.75,1.1163,-0.28938,0.031928,3,-56.5,4.9011,925.25,3
288.75,1.2335,-0.35827,0.066138,4,-68,0.36049,921.75,3
289.25,1.2335,-0.35827,0.066138,4,-67.5,6.0454,922.25,3
290.25,1.2687,-0.35827,0.088944,3,-56.5,4.8857,925.25,3
290.5,1.2687,-0.35827,0.088944,3,-55.5,1.6091,920.75,3
290.75,1.2687,-0.35827,0.088944,3,-56,1.9113,920.25,3
291.75,1.0811,-0.27789,-0.0022806,3,-57.5,1.4297,925.75,3
292,1.0811,-0.27789,-0.0022806,3,-56.5,5.7816,923.75,3
292.5,1.0811,-0.27789,-0.0022806,3,-56,4.3918,921.25,3
292.75,1.0811,-0.27789,-0.0022806,3,-57,4.8474,925.25,3
293.5,1.1749,-0.31234,0.054735,3,-56.5,6.1114,923.25,3
294.25,1.1749,-0.31234,0.054735,3,-56.5,5.6589,923.75,3
295.25,1.1163,-0.27789,0.031928,3,-56.5,4.5866,920.75,3
295.75,1.1163,-0.27789,0.031928,1,-63.5,0.19635,920.25,3
296.25,1.1163,-0.27789,0.031928,3,-57,1.9159,924.75,3
296.5,1.1163,-0.27789,0.031928,3,-58,1.3284,925.75,3
297,1.1163,-0.27789,0.031928,3,-56.5,0.061359,922.75,3
298,1.3273,-0.39272,0.10035,3,-56.5,5.3091,924.25,3
298.5,1.3273,-0.39272,0.10035,3,-57,5.9166,923.25,3
299.25,1.3273,-0.39272,0.10035,1,-66,4.8535,925.75,3
300.25,1.0928,-0.27789,0.020525,3,-57,5.2048,924.25,3
300.75,1.0928,-0.27789,0.020525,3,-57,0.63967,921.75,3
301.25,1.0928,-0.27789,0.020525,3,-56.5,0.28072,922.25,3
301.75,1.0928,-0.27789,0.020525,3,-56.5,5.5039,923.75,3
302,1.0928,-0.27789,0.020525,3,-56.5,6.1697,922.75,3
303,1.1749,-0.32383,0.043332,3,-56.5,4.7032,920.25,3
303.25,1.1749,-0.32383,0.043332,3,-56.5,5.7892,923.25,3
303.75,1.1749,-0.32383,0.043332,3,-56.5,0.18868,922.25,3
304,1.1749,-0.32383,0.043332,1,-63.5,0.30833,923.75,3
305,1.0928,-0.27789,0.020525,3,-56.5,4.3212,920.75,3
305.25,1.0928,-0.27789,0.020525,1,-63,0.27151,920.25,3
306.25,1.0928,-0.27789,0.020525,3,-56.5,0.14573,922.25,3
306.5,1.0928,-0.27789,0.020525,3,-58,1.0278,925.75,3
306.75,1.0928,-0.27789,0.020525,3,-56.5,6.0147,922.75,3
307.75,1.0811,-0.27789,0.0091224,3,-57,4.5437,920.25,3
308.25,1.0811,-0.27789,0.0091224,3,-56.5,5.6604,923.25,3
309.75,1.3625,-0.39272,0.11175,3,-58,1.2487,925.25,3
310,1.3625,-0.39272,0.11175,1,-62,6.0945,920.75,3
310.5,1.3625,-0.39272,0.11175,3,-56.5,0.3973,921.75,3
310.75,1.3625,-0.39272,0.11175,3,-57,1.5463,924.75,3
312.5,0.97555,-0.19751,-0.03649,4,-67,1.5953,920.75,3
313,1.0459,-0.22048,-0.11631,3,-48.5,0.29759,923.25,3
313.25,0.94038,-0.20899,-0.17333,3,-48.5,0.36355,923.25,3
313.35,1.1397,-0.30086,-0.082102,3,-49,5.6834,924.75,3
313.5,1.1397,-0.30086,-0.082102,3,-49,5.7156,924.75,3
313.58,1.1397,-0.30086,-0.082102,4,-68,0.003068,924.75,3
313.75,0.94038,-0.19751,-0.17333,3,-49.5,0.32367,923.75,3
314,0.94038,-0.19751,-0.17333,3,-49.5,0.32827,923.75,3
314.1,1.0342,-0.22048,-0.12771,4,-66.5,4.2798,923.75,3
314.25,1.0342,-0.22048,-0.12771,3,-49,1.0922,922.75,3
314.5,1.1866,-0.31234,-0.070699,3,-50,5.438,925.25,3
314.58,1.0928,-0.26641,-0.093505,3,-50,5.4119,925.25,3
314.75,1.2804,-0.33531,-0.03649,3,-49,6.116,924.25,3
315,1.128,-0.26641,-0.093505,4,-67.5,0.41571,924.25,3
315.5,0.9052,-0.18603,-0.20754,3,-48.5,0.68262,923.25,3
315.75,1.2804,-0.33531,-0.025087,3,-49,5.7739,924.75,3
316,1.2101,-0.31234,-0.047893,3,-48.5,1.4097,922.25,3
316.08,1.128,-0.25493,-0.10491,3,-49.5,5.0667,925.75,3
316.25,1.0107,-0.19751,-0.15052,4,-67.5,4.131,923.75,3
316.5,1.0107,-0.19751,-0.15052,3,-48.5,0.96027,922.75,3
316.6,0.92865,-0.18603,-0.19613,3,-48.5,0.95874,922.75,3
316.75,1.1514,-0.30086,-0.10491,3,-49.5,2.0555,921.25,3
317.5,1.2101,-0.32383,-0.070699,3,-49,6.0531,924.25,3
317.75,0.9052,-0.19751,-0.19613,3,-48.5,1.7058,921.75,3
318,0.92865,-0.18603,-0.20754,3,-48.5,0.55684,923.25,3
318.25,1.128,-0.27789,-0.082102,3,-49,5.6803,924.75,3
318.75,0.88175,-0.18603,-0.19613,3,-48.5,0.16107,923.75,3
319,1.1983,-0.32383,-0.070699,3,-48.5,0.95874,922.75,3
319.5,1.0811,-0.24344,-0.11631,3,-49.5,5.3168,925.25,3
319.75,1.2218,-0.31234,-0.047893,3,-49,6.0101,924.25,3
320,1.0107,-0.18603,-0.16192,3,-50.5,5.8368,920.25,3
320.25,1.0107,-0.18603,-0.16192,3,-48.5,1.6552,921.75,3
320.5,0.9052,-0.20899,-0.20754,3,-48.5,0.49701,923.25,3
320.58,1.1163,-0.25493,-0.10491,3,-49,5.645,924.75,3
320.75,0.91693,-0.18603,-0.18473,3,-48.5,1.2977,922.25,3
321,0.92865,-0.18603,-0.18473,3,-50,4.99,925.75,3
321.1,0.92865,-0.18603,-0.18473,3,-50,4.9824,925.75,3
321.25,0.9052,-0.17454,-0.19613,3,-48.5,0.12272,923.75,3
321.33,0.9052,-0.17454,-0.19613,3,-48.5,0.13806,923.75,3
321.5,0.91693,-0.18603,-0.19613,3,-48.5,0.92192,922.75,3
321.75,1.1514,-0.27789,-0.10491,3,-49,5.3244,925.25,3
322.25,0.98728,-0.18603,-0.17333,3,-47.5,5.6941,924.25,3
322.35,0.98728,-0.18603,-0.17333,3,-47.5,5.7033,924.25,3
322.5,1.0459,-0.23196,-0.15052,3,-49.5,2.3823,920.25,3
322.75,0.98728,-0.19751,-0.18473,3,-47.5,1.3576,921.75,3
322.85,1.0928,-0.25493,-0.11631,3,-47.5,0.17794,923.25,3
322.9,1.0928,-0.25493,-0.11631,3,-47,0.18715,923.25,3
323,1.128,-0.27789,-0.093505,3,-48,5.3137,924.75,3
323.25,1.2101,-0.31234,-0.070699,3,-47,0.98328,922.25,3
323.35,0.9052,-0.19751,-0.21894,3,-47.5,0.98175,922.25,3
323.43,0.89348,-0.18603,-0.21894,3,-47.5,0.97254,922.25,3
323.5,0.9521,-0.20899,-0.20754,3,-49,4.6832,925.75,3
323.75,0.9052,-0.19751,-0.20754,3,-47.5,6.0454,923.75,3
324,0.91693,-0.19751,-0.21894,3,-48,1.7089,921.25,3
324.25,0.91693,-0.18603,-0.19613,3,-48.5,4.9931,925.25,3
324.5,0.96383,-0.18603,-0.18473,3,-47.5,5.7003,924.25,3
324.6,0.96383,-0.18603,-0.18473,3,-47.5,5.6987,924.25,3
325,0.98728,-0.18603,-0.18473,3,-47.5,1.3637,921.75,3
325.08,0.98728,-0.18603,-0.18473,3,-47.5,1.3591,921.75,3
325.75,1.2335,-0.33531,-0.059296,3,-49,4.6924,925.75,3
326,0.9052,-0.17454,-0.20754,3,-49,4.6955,925.75,3
326.25,1.0694,-0.23196,-0.13912,3,-47.5,6.0347,923.75,3
326.33,1.0694,-0.23196,-0.13912,3,-47.5,6.0562,923.75,3
326.38,1.0694,-0.23196,-0.13912,3,-47.5,0.57064,922.75,3
326.43,0.89348,-0.18603,-0.20754,3,-47.5,0.57371,922.75,3
326.45,0.89348,-0.18603,-0.20754,3,-47.5,0.58751,922.75,3
326.75,1.3039,-0.35827,-0.047893,3,-48.5,4.9839,925.25,3
326.85,1.2101,-0.34679,-0.093505,3,-49,2.0433,920.75,3
327,0.92865,-0.19751,-0.19613,3,-48,5.6527,924.25,3
327.25,1.0928,-0.24344,-0.12771,3,-48,5.645,924.25,3
327.33,1.0928,-0.24344,-0.12771,3,-47.5,5.6558,924.25,3
327.5,0.88175,-0.19751,-0.23034,3,-48,1.3023,921.75,3
327.75,1.1045,-0.25493,-0.10491,4,-67.5,4.9594,923.25,3
327.83,1.1045,-0.25493,-0.10491,3,-48,5.2662,924.75,3
328,0.9052,-0.18603,-0.21894,3,-48,5.2723,924.75,3
328.08,0.9052,-0.19751,-0.23034,3,-47.5,0.92039,922.25,3
328.25,0.9052,-0.18603,-0.21894,3,-47.5,0.92039,922.25,3
328.5,0.9052,-0.19751,-0.24174,4,-67.5,4.381,923.75,3
328.75,0.9052,-0.19751,-0.24174,3,-47.5,0.50621,922.75,3
328.83,0.89348,-0.18603,-0.24174,3,-47.5,0.50775,922.75,3
328.88,0.89348,-0.20899,-0.24174,3,-47.5,0.50315,922.75,3
328.93,0.89348,-0.20899,-0.24174,3,-47.5,1.6659,921.25,3
329,0.99901,-0.20899,-0.20754,3,-48,1.6536,921.25,3
329.25,1.2335,-0.31234,-0.082102,3,-48.5,4.944,925.25,3
329.5,1.0576,-0.24344,-0.15052,3,-49,1.9727,920.75,3
329.58,0.9052,-0.18603,-0.20754,3,-47.5,5.5929,924.25,3
329.75,1.0107,-0.19751,-0.18473,3,-48,1.5769,921.75,3
330,1.0107,-0.19751,-0.18473,3,-48,1.6705,921.75,3
330.5,1.2687,-0.23196,-0.025087,4,-64,1.1474,922.25,3
331.25,0.89348,0.56038,-0.070699,4,-66.5,0.13959,922.75,1
331.5,0.89348,0.56038,-0.070699,4,-64.5,0.89278,921.25,1
331.75,0.89348,0.56038,-0.070699,3,-57,0.50008,920.75,1
332,0.89348,0.56038,-0.070699,1,-57.5,6.0792,924.25,1
333,0.48309,0.82449,0.11175,4,-66,0.73784,922.25,4
333.5,0.48309,0.82449,0.11175,4,-57.5,4.7216,922.75,4
0,0.33066,1.0656,-0.03649,1,-43.5,6.1574,920.75,4
0.025,0.1196,0.85894,-0.047893,1,-43,0.41417,920.75,4
0.25,0.15478,0.81301,-0.025087,1,-39.5,1.6766,921.75,4
0.275,0.31893,0.91636,-0.10491,1,-40,1.9604,921.75,4
0.3,0.2603,0.98526,-0.17333,4,-64,5.4303,921.75,4
0.325,0.2603,0.98526,-0.17333,4,-63.5,5.2907,921.75,4
1.25,0.1196,1.1001,-0.20754,2,-57.5,0.5645,920.25,4
1.75,0.1196,1.1001,-0.20754,2,-56.5,2.2427,921.25,4
2.5,-0.31424,0.92784,-0.20754,2,-57,5.1296,920.75,2
3.5,-0.31424,0.92784,-0.20754,2,-58.5,4.9808,923.25,2
5,-0.31424,0.92784,-0.20754,2,-60.5,0.15033,920.75,2
6.5,-0.31424,0.92784,-0.20754,2,-57.5,5.1864,923.75,2
8,0.69414,0.82449,0.14596,2,-56.5,1.33,925.75,2
8.5,0.69414,0.82449,0.14596,2,-58,5.6865,923.25,2
9,0.69414,0.82449,0.14596,2,-56,4.8474,924.75,2
9.5,0.69414,0.82449,0.14596,2,-56.5,1.3944,925.25,2
11.25,0.70587,0.79004,0.14596,2,-57,5.1833,923.75,2
11.75,0.70587,0.79004,0.14596,2,-57.5,5.7141,922.75,2
12.5,0.70587,0.79004,0.14596,2,-58.5,6.027,921.75,2
13,0.70587,0.79004,0.14596,2,-57,4.9456,924.25,2
15,0.77622,0.76708,0.19157,2,-58.5,5.9733,921.75,2
16.5,0.8583,0.73263,0.21438,2,-59,6.1083,921.25,2
17.25,0.8583,0.73263,0.21438,2,-58.5,5.915,921.75,2
17.75,0.8583,0.73263,0.21438,2,-56.5,4.9118,924.25,2
18.5,0.8583,0.73263,0.21438,2,-57.5,5.1327,923.75,2
19.25,0.8583,0.73263,0.21438,2,-58,5.6589,922.75,2
20.5,0.72932,0.77856,0.15736,2,-57.5,5.3643,923.25,2
22.5,0.82312,0.73263,0.20297,2,-56.5,1.0738,925.75,2
23,0.82312,0.73263,0.20297,2,-57.5,5.4656,923.25,2
23.5,0.82312,0.73263,0.20297,2,-56,4.7216,924.75,2
24,0.82312,0.73263,0.20297,2,-57.5,5.5576,922.75,2
25.25,0.60034,0.84746,0.077541,2,-56.5,4.9041,924.25,2
25.75,0.60034,0.84746,0.077541,2,-57,5.1281,923.75,2
26.5,0.60034,0.84746,0.077541,2,-58,5.6098,922.75,2
27.5,0.60034,0.84746,0.077541,2,-56.5,4.2721,925.75,2
29.5,0.74105,0.76708,0.18017,2,-59,5.7693,921.75,2
30.25,0.74105,0.76708,0.18017,2,-57,4.8934,924.25,2
32.5,0.72932,0.77856,0.15736,2,-57,4.9946,924.25,2
33.25,0.72932,0.77856,0.15736,2,-57,5.4533,923.75,2
33.75,0.72932,0.77856,0.15736,2,-58,5.8,922.75,2
35,0.72932,0.77856,0.15736,2,-57,5.1741,924.25,2
35.5,0.72932,0.77856,0.15736,2,-57,5.5499,923.75,2
36.75,0.70587,0.79004,0.043332,2,-59.5,0.28225,920.75,2
37.25,0.70587,0.79004,0.043332,2,-56,1.2747,925.75,2
39,0.91693,0.69818,0.14596,2,-59.5,0.34975,920.75,2
39.75,0.91693,0.69818,0.14596,2,-56.5,5.2048,924.25,2
40.5,0.91693,0.69818,0.14596,2,-57,5.4272,923.75,2
41,0.91693,0.69818,0.14596,2,-58,5.8874,922.75,2
42.25,0.97555,0.67521,0.15736,2,-56.5,5.257,924.25,2
43.5,0.97555,0.67521,0.15736,2,-58,5.8092,922.75,2
44.75,0.9521,0.69818,0.16876,2,-56.5,5.3076,924.25,2
45.25,0.9521,0.69818,0.16876,2,-57,5.5085,923.75,2
46,0.9521,0.69818,0.16876,2,-55.5,4.7262,925.25,2
46.75,0.9521,0.69818,0.16876,2,-58,5.9626,922.25,2
48,0.94038,0.69818,0.15736,2,-55.5,4.8152,924.75,2
48.75,0.94038,0.69818,0.15736,2,-56,4.6556,925.25,2
49.5,0.94038,0.69818,0.15736,2,-56.5,1.2226,924.25,2
51,0.27203,0.97377,-0.082102,2,-48.5,0.3973,922.75,4
51.1,0.24858,0.97377,-0.0022806,2,-47.5,5.283,925.25,4
51.125,0.24858,0.97377,-0.0022806,2,-47,5.2938,925.25,4
51.75,0.30721,0.97377,-0.025087,2,-46.5,4.9364,925.75,4
51.85,0.31893,0.96229,-0.025087,2,-46.5,4.8796,925.75,4
52,0.33066,0.97377,-0.013684,2,-46.5,4.852,925.75,4
52.1,0.29548,0.97377,-0.03649,2,-46.5,5.6604,924.25,4
52.125,0.30721,0.96229,-0.025087,2,-46.5,5.6174,924.25,4
52.25,0.31893,0.96229,-0.03649,2,-47.5,6.185,923.25,4
52.35,0.31893,0.97377,-0.013684,2,-47.5,6.1451,923.25,4
52.375,0.33066,0.97377,-0.013684,2,-50.5,1.2747,920.25,4
52.5,0.33066,0.97377,-0.03649,2,-46.5,5.9043,923.75,4
52.75,0.30721,0.97377,-0.03649,2,-46.5,5.9687,923.75,4
52.825,0.30721,0.95081,-0.047893,2,-45.5,5.4134,924.75,4
52.875,0.30721,0.97377,-0.047893,2,-45.5,5.4533,924.75,4
53.25,0.33066,0.98526,-0.03649,2,-47,0.52155,922.75,4
53.325,0.29548,0.97377,-0.047893,2,-47,0.56604,922.75,4
53.5,0.29548,0.97377,-0.059296,2,-45.5,5.4196,925.25,4
53.575,0.29548,0.97377,-0.059296,2,-45.5,5.4334,925.25,4
53.625,0.31893,0.97377,-0.059296,2,-45.5,5.4502,925.25,4
53.675,0.30721,0.96229,-0.047893,2,-49,1.5861,920.75,4
53.75,0.36583,0.96229,-0.03649,2,-49,1.7104,920.75,4
53.825,0.36583,0.96229,-0.03649,2,-47.5,1.3392,921.75,4
54,0.29548,0.98526,-0.070699,2,-47.5,1.5739,921.75,4
54.075,0.22513,0.93932,0.0091224,2,-46.5,1.6153,922.25,4
54.125,0.22513,0.99674,0.10035,2,-46,1.9113,922.25,4
54.25,0.24858,1.1001,0.066138,2,-44.5,0.60132,925.75,4
54.325,0.23685,0.97377,-0.025087,2,-44.5,1.3959,925.75,4
54.375,0.28376,1.0082,0.066138,2,-44,2.1629,925.75,4
54.425,0.28376,1.0082,0.066138,2,-44,0.17334,924.25,4
54.5,0.22513,1.0082,0.066138,2,-43,4.8689,924.25,4
54.75,0.40101,1.0886,0.24859,2,-45.5,0.19788,923.25,4
54.825,0.40101,1.0886,0.24859,2,-45.5,0.37276,923.25,4
54.875,0.1196,0.99674,-0.17333,3,-65.5,1.9819,923.25,4
55,0.1196,0.99674,-0.17333,2,-56.5,1.2195,923.75,4
59,0.28376,0.93932,0.12315,4,-55.5,1.6122,922.25,1
92.75,0.049247,0.88191,-0.047893,1,-68,4.309,921.75,1
93.25,0.049247,0.88191,-0.047893,3,-58,5.731,925.75,1
93.325,0.049247,0.88191,-0.047893,4,-55,0.95567,924.25,1
93.5,0.049247,0.88191,-0.047893,1,-65,2.1031,924.25,1
94.5,0.049247,0.88191,-0.047893,3,-60,1.0109,921.25,1
95,1.2452,-0.14009,-0.093505,1,-56.5,4.8274,925.25,3
95.25,1.2452,-0.14009,-0.093505,3,-58.5,1.3837,921.75,3
95.5,1.2452,-0.14009,-0.093505,3,-56,0.64734,922.25,3
95.75,1.2452,-0.14009,-0.093505,3,-58,4.898,925.75,3
96,1.2452,-0.14009,-0.093505,3,-59.5,0.24697,923.25,3
96.75,1.1983,-0.16306,0.14596,3,-64.5,5.0437,921.25,3
97.25,1.1983,-0.16306,0.14596,1,-57,4.875,925.25,3
97.75,1.1983,-0.16306,0.14596,1,-57.5,1.7165,921.75,3
98.25,1.1983,-0.16306,0.14596,3,-57,5.5484,924.25,3
99,1.1045,-0.094162,0.14596,3,-57.5,5.8521,923.75,3
99.25,1.1045,-0.094162,0.14596,3,-57.5,5.1971,924.75,3
99.5,1.1045,-0.094162,0.14596,3,-57.5,0.2347,922.75,3
99.75,1.1045,-0.094162,0.14596,1,-57,4.855,925.25,3
100,1.1045,-0.094162,0.14596,1,-58.5,5.6742,920.75,3
100.5,1.1514,-0.12861,0.18017,3,-57.5,4.5866,925.75,3
100.75,1.1514,-0.12861,0.18017,1,-57,5.7356,924.25,3
101,1.1514,-0.12861,0.18017,3,-57.5,6.1451,923.25,3
101.25,1.1514,-0.12861,0.18017,1,-57,6.185,923.75,3
101.5,1.1514,-0.12861,0.18017,3,-57,5.2125,924.75,3
101.75,1.1514,-0.12861,0.18017,1,-57.5,2.1184,921.25,3
102,1.1514,-0.12861,0.18017,3,-57.5,0.26998,922.75,3
102.5,1.1163,-0.11713,0.15736,3,-58,0.9388,921.75,3
102.75,1.1163,-0.11713,0.15736,1,-57.5,1.241,922.25,3
103,1.1163,-0.11713,0.15736,3,-57.5,5.5392,924.25,3
103.25,1.1163,-0.11713,0.15736,3,-57,6.231,923.25,3
103.75,1.1163,-0.11713,0.15736,1,-59,6.0562,920.25,3
104,1.0694,-0.082679,0.14596,4,-67.5,5.2293,924.75,3
104.5,1.0694,-0.082679,0.14596,1,-57.5,0.84983,922.75,3
104.75,1.0694,-0.082679,0.14596,3,-57,4.9087,925.25,3
105,1.0694,-0.082679,0.14596,3,-57.5,0.91885,921.75,3
105.5,1.0576,-0.071196,0.12315,1,-57,5.7095,924.25,3
105.75,1.0576,-0.071196,0.12315,3,-57.5,6.208,923.25,3
106,1.0576,-0.071196,0.12315,3,-58.5,1.7978,920.25,3
106.25,1.0576,-0.071196,0.12315,1,-57,6.1697,923.75,3
106.5,1.0576,-0.071196,0.12315,3,-57,5.1971,924.75,3
107,1.2687,-0.17454,0.22578,3,-57.5,4.8658,925.25,3
107.5,1.2687,-0.17454,0.22578,3,-57.5,0.91579,921.75,3
107.75,1.2687,-0.17454,0.22578,3,-57.5,0.58598,922.25,3
108,1.2687,-0.17454,0.22578,1,-57,5.7202,924.25,3
108.25,1.2687,-0.17454,0.22578,1,-57.5,0.40804,923.25,3
108.5,1.2687,-0.17454,0.22578,3,-58.5,1.7595,920.25,3
108.75,1.2687,-0.17454,0.22578,3,-57,5.8061,923.75,3
109,1.2687,-0.17454,0.22578,3,-57,5.1695,924.75,3
109.25,1.2687,-0.17454,0.22578,1,-57.5,0.78386,922.75,3
109.75,1.1397,-0.11713,0.16876,3,-57.5,0.89431,921.75,3
110,1.1397,-0.11713,0.16876,3,-57.5,0.53229,922.25,3
110.25,1.1397,-0.11713,0.16876,3,-57.5,4.5329,925.75,3
110.5,1.1397,-0.11713,0.16876,3,-57,5.418,924.25,3
110.75,1.1397,-0.11713,0.16876,1,-59,2.8916,920.25,3
111,1.1397,-0.11713,0.16876,1,-57,6.1022,923.75,3
111.75,1.1163,-0.094162,0.15736,3,-57,0.092039,922.75,3
112,1.1163,-0.094162,0.15736,3,-57.5,4.7891,925.25,3
112.25,1.1163,-0.094162,0.15736,1,-58,5.5668,920.75,3
112.5,1.1163,-0.094162,0.15736,3,-57.5,0.45252,922.25,3
112.75,1.1163,-0.094162,0.15736,3,-58,4.4869,925.75,3
113.25,1.1514,-0.12861,0.18017,1,-59,6.0408,920.25,3
113.5,1.1514,-0.12861,0.18017,3,-57,5.7417,923.75,3
113.75,1.1514,-0.12861,0.18017,3,-57,5.0974,924.75,3
114,1.1514,-0.12861,0.18017,1,-57,0.7133,922.75,3
114.25,1.1514,-0.12861,0.18017,4,-67.5,4.7998,925.25,3
115,1.1045,-0.10565,0.15736,1,-57.5,4.2813,925.75,3
115.25,1.1045,-0.10565,0.15736,3,-57,5.4165,924.25,3
115.5,1.1045,-0.10565,0.15736,1,-57,0.26845,923.25,3
115.75,1.1045,-0.10565,0.15736,3,-58,1.6935,920.25,3
116,1.1045,-0.10565,0.15736,3,-57.5,5.0882,924.75,3
116.25,1.1045,-0.10565,0.15736,3,-57.5,1.1213,921.25,3
117,1.2452,-0.16306,0.21438,3,-58,1.4128,920.75,3
117.25,1.2452,-0.16306,0.21438,1,-57,1.172,922.25,3
117.5,1.2452,-0.16306,0.21438,3,-57.5,4.5038,925.75,3
117.75,1.2452,-0.16306,0.21438,3,-57,5.415,924.25,3
118,1.2452,-0.16306,0.21438,3,-57,6.0776,923.25,3
118.5,1.1514,-0.12861,0.16876,3,-57.5,5.0667,924.75,3
118.75,1.1514,-0.12861,0.16876,1,-57.5,1.9972,921.25,3
119,1.1514,-0.12861,0.16876,3,-57.5,0.079767,922.75,3
119.25,1.1514,-0.12861,0.16876,3,-57.5,4.7968,925.25,3
119.5,1.1514,-0.12861,0.16876,3,-57,0.80687,921.75,3
119.75,1.1514,-0.12861,0.16876,1,-57,1.195,922.25,3
120,1.1514,-0.12861,0.16876,3,-57.5,4.4654,925.75,3
120.5,1.1632,-0.12861,0.18017,1,-57.5,0.31907,923.25,3
120.75,1.1632,-0.12861,0.18017,3,-56.5,5.6895,923.75,3
121,1.1632,-0.12861,0.18017,4,-68.5,5.257,924.75,3
121.25,1.1632,-0.12861,0.18017,3,-57.5,1.0845,921.25,3
121.5,1.1632,-0.12861,0.18017,3,-57,0.092039,922.75,3
121.75,1.1632,-0.12861,0.18017,3,-57.5,1.3898,920.75,3
122,1.1632,-0.12861,0.18017,3,-57.5,0.79614,921.75,3
122.5,1.1163,-0.10565,0.16876,3,-57.5,4.5038,925.75,3
122.75,1.1163,-0.10565,0.16876,3,-57,6.0592,923.25,3
123,1.1163,-0.10565,0.16876,3,-58,1.6935,920.25,3
123.25,1.1163,-0.10565,0.16876,3,-57,5.7018,923.75,3
123.5,1.1163,-0.10565,0.16876,1,-57,5.2094,924.75,3
123.75,1.1163,-0.10565,0.16876,3,-57,1.083,921.25,3
124,1.1163,-0.10565,0.16876,3,-57,0.079767,922.75,3
124.5,1.128,-0.11713,0.16876,3,-57,0.7808,921.75,3
124.75,1.128,-0.11713,0.16876,3,-57,0.43718,922.25,3
125,1.128,-0.11713,0.16876,1,-57,4.3258,925.75,3
125.5,1.0576,-0.071196,0.13456,3,-58,1.6582,920.25,3
125.75,1.0576,-0.071196,0.13456,3,-57,5.0391,924.75,3
126,1.0576,-0.071196,0.13456,3,-57.5,1.063,921.25,3
126.75,1.3156,-0.18603,0.23718,3,-57.5,1.3591,920.75,3
127,1.3156,-0.18603,0.23718,3,-57.5,0.7992,921.75,3
127.25,1.3156,-0.18603,0.23718,1,-58,1.3407,922.25,3
127.5,1.3156,-0.18603,0.23718,3,-57.5,4.4746,925.75,3
127.55,1.3156,-0.18603,0.23718,3,-56.5,5.3705,924.25,3
127.75,1.3156,-0.18603,0.23718,3,-57,6.0485,923.25,3
128.25,1.0576,-0.082679,0.14596,3,-56.5,5.0453,924.75,3
128.5,1.0576,-0.082679,0.14596,1,-58.5,5.2524,921.25,3
128.75,1.0576,-0.082679,0.14596,3,-57,4.7691,925.25,3
129.5,1.3742,-0.22048,0.25999,1,-57.5,1.2625,922.25,3
129.75,1.3742,-0.22048,0.25999,3,-57.5,4.4777,925.75,3
130,1.3742,-0.22048,0.25999,3,-56.5,5.3567,924.25,3
130.25,1.3742,-0.22048,0.25999,3,-60,2.0847,920.25,3
131.5,1.3742,-0.22048,0.25999,4,-61,5.3919,925.25,3
159.25,0.50654,0.91636,0.043332,1,-61.5,0.95567,923.25,4
159.75,0.24858,1.0197,-0.17333,4,-50,6.1605,923.75,4
172,0.38928,1.0082,-0.059296,1,-55.5,5.7356,923.75,4
172.25,0.38928,1.0082,-0.059296,1,-56,5.6174,924.75,4
172.75,0.060972,0.97377,0.020525,4,-57,4.4608,925.25,4
172.85,0.060972,0.97377,0.020525,4,-56,4.22,925.25,4
173,0.060972,0.97377,0.020525,1,-58.5,5.0299,920.75,4
174.25,-0.12663,0.84746,-0.03649,4,-56,5.079,923.75,4
174.5,-0.12663,0.84746,-0.03649,3,-58.5,5.2431,924.75,4
174.75,-0.12663,0.84746,-0.03649,3,-67.5,3.4898,921.25,4
176.75,-0.12663,0.84746,-0.03649,4,-58,5.3183,920.25,1
178.5,0.68242,-0.0022966,0.77313,4,-58.5,0.81915,925.75,3
179.25,0.68242,-0.0022966,0.77313,4,-58,6.0132,923.75,3
179.75,0.68242,-0.0022966,0.77313,4,-58.5,4.0298,922.75,3
180.75,0.68242,-0.0022966,0.77313,4,-59,4.4838,922.25,3
181.25,0.68242,-0.0022966,0.77313,4,-58.5,0.20862,923.25,3
182,0.68242,-0.0022966,0.77313,4,-57.5,1.7411,924.75,3
183.25,0.7176,-0.0022966,0.83014,4,-58.5,0.81148,925.75,3
184,0.7176,-0.0022966,0.83014,4,-58,5.9887,923.75,3
184.75,0.7176,-0.0022966,0.83014,4,-58.5,3.8641,922.75,3
185.5,0.7176,-0.0022966,0.83014,4,-58.5,4.3427,922.25,3
186,0.7176,-0.0022966,0.83014,4,-58.5,0.13039,923.25,3
186.75,0.7176,-0.0022966,0.83014,1,-67.5,3.5082,924.75,3
187.75,0.7176,-0.0022966,0.83014,4,-59,4.8627,921.75,3
188.5,0.7176,-0.0022966,0.83014,4,-58,2.2473,924.25,3
189,0.7176,-0.0022966,0.83014,4,-58,5.8767,923.75,3
191,0.72932,-0.01378,0.80733,4,-58,2.3393,924.25,3
191.5,0.72932,-0.01378,0.80733,4,-57.5,1.7564,924.75,3
192.25,0.72932,-0.01378,0.80733,4,-58,1.1781,925.25,3
193.25,0.72932,-0.01378,0.80733,4,-57.5,2.1353,924.25,3
195.75,0.74105,-0.025263,0.80733,4,-57.5,2.2013,924.25,3
196.25,0.74105,-0.025263,0.80733,4,-58,5.8368,923.75,3
196.75,0.74105,-0.025263,0.80733,4,-58.5,0.60899,922.75,3
197.5,0.74105,-0.025263,0.80733,4,-58.5,4.7523,921.75,3
198,0.74105,-0.025263,0.80733,1,-68.5,0.65654,924.25,3
199,0.74105,-0.025263,0.80733,4,-57.5,1.7763,924.75,3
199.5,0.74105,-0.025263,0.80733,4,-58,1.218,925.25,3
201.25,0.74105,-0.0022966,0.81874,4,-58,2.663,923.75,3
201.75,0.74105,-0.0022966,0.81874,4,-58.5,0.56604,922.75,3
202.5,0.74105,-0.0022966,0.81874,4,-59,4.8167,921.75,3
203,0.74105,-0.0022966,0.81874,4,-58,2.281,924.25,3
203.75,0.74105,-0.0022966,0.81874,4,-58,2.755,923.75,3
205.5,0.77622,-0.025263,0.83014,4,-58,5.2462,924.25,3
206,0.77622,-0.025263,0.83014,4,-58,5.8107,923.75,3
206.75,0.77622,-0.025263,0.83014,4,-58,1.2425,925.25,3
207.75,0.77622,-0.025263,0.83014,1,-67,5.6282,925.75,3
210,0.79967,-0.025263,0.84154,4,-58.5,0.65194,925.75,3
211.25,0.79967,-0.025263,0.84154,1,-68,0.38043,924.75,3
212.25,0.79967,-0.025263,0.84154,4,-58.5,4.2384,922.25,3
212.75,0.79967,-0.025263,0.84154,4,-58,2.1184,924.25,3
213.28,0.79967,-0.025263,0.84154,4,-58,5.8015,923.75,3
214,0.8583,0.078086,0.6819,4,-58,0.69796,925.25,3
214.5,0.8583,0.078086,0.6819,4,-58.5,5.9841,921.75,3
214.75,0.8583,0.078086,0.6819,2,-68.5,2.5111,922.25,3
215,0.8583,0.078086,0.6819,4,-57,6.0592,925.75,3
216.25,0.8583,0.078086,0.6819,4,-56.5,4.964,921.25,3
216.75,0.50654,0.98526,0.077541,1,-60.5,0.092039,920.75,4
217.75,0.54171,1.1001,-0.03649,4,-50.5,1.1014,923.25,4